第二特展室：新開聚落的變遷暨鯉魚潭水庫開發史特展,(中華民國)客家委員會客家文化發展中心,2018/01/01,2018/08/15
哇賽!碰─體感大冒險2.0特展,(中華民國)南藝創意工程股份有限公司,2018/01/01,2018/12/31
{旅人}--跨時空對話館藏精品常設展,(中華民國)臺中市港區藝術中心,2018/01/01,2018/07/01
「高雄研究文獻中心」常設展,(中華民國)高雄市立歷史博物館,2018/01/01,2018/12/31
電信@臺灣,(中華民國)國立科學工藝博物館;(中華民國)中華電信,2018/01/01,2018/12/31
傳統藝師林金鍊傀儡戲藝術特展,(中華民國)景春堂傀儡掌中劇團;(中華民國)林金鍊,2018/01/01,2018/06/30
發現臺灣-重訪臺灣博物學與博物學家的年代,(中華民國)國立臺灣博物館,2018/01/01,2018/12/31
昆蟲飛行秘技特展,(中華民國)國立臺灣博物館,2018/01/01,2018/09/02
總統大選展覽,(中華民國)國史館,2018/01/01,2018/12/31
臺南市南瀛科學教育館兒童科學館《帕克．奇遇》特展,(中華民國)臺南市南瀛科學教育館兒童科學館,2018/01/03,2018/12/31
自畫像與自我對話聯展,(中華民國)顏繹洲;(中華民國)蕭亮禹;(中華民國)吳宜靜,2018/11/01,2018/11/14
哇賽!碰─體感大冒險2.0特展,(中華民國)南藝創意工程股份有限公司,2019/01/01,2019/12/12
電信@臺灣,(中華民國)國立科學工藝博物館;(中華民國)中華電信,2019/01/01,2019/12/31
電信@臺灣,(中華民國)國立科學工藝博物館;(中華民國)中華電信,2020/01/01,2020/01/01
總統大選,,2016/04/29,2018/12/31
「愛—傳遞」壁畫創作展,,2016/08/27,2018/06/30
「工藝･經典･美學―盡看臺灣百年工藝」常設展,國立傳統藝術中心,2017/01/21,2018/12/06
郵政博物館「臺北2016世界郵展回顧展」即日起開放參觀,郵政博物館,2017/07/24,2018/12/31
我的祕密花園,,2017/09/23,2018/09/02
聚合‧綻放──臺灣美術團體與美術發展,,2017/10/21,2019/12/31
107年「路竹，老宅散步」古厝巡禮常設展,,2018/01/02,2018/12/30
107年創意書法作品常設展,,2018/01/02,2018/12/30
擴增文學・數位百工特展／台灣文學Ｘ數位內容,國立臺灣文學館,2017/12/20,2019/12/20
永樂-15世紀前期官方用瓷特展,,2017/05/18,2018/11/01
『大漢雄風，出神入化』-楊小寧新漢畫畫展,,2017/04/01,2020/04/11
2019展覽徵件＊展一檔送一檔*隨到隨審,,2017/07/21,2019/01/01
蛙哈哈藝旅空間-共享空間租借,,2017/07/29,2019/01/01
2017《煤●記憶》聯合展出系列活動,,2017/10/14,2019/05/01
衛武營藝術文化中心建築暨劇場常設展                        ,(中華民國)衛武營藝術文化中心籌備處,2018/01/01,2018/12/31
藝起轉動、閱讀藝術視界︰藝術櫥窗展(電影類),(中華民國)謝幸宜;(中華民國)許婕筠;(中華民國)沈利潔,2018/01/01,2018/08/31
工藝新趣-新工藝人才入籍活動徵選計畫成果展（常態展）,(中華民國)國立臺灣工藝研究發展中心,2018/01/01,2018/12/31
工藝時尚Yii特展（常設展）,(中華民國)國立臺灣工藝研究發展中心,2018/01/01,2018/12/31
潛返地心、儀震天下特展（常設展）,(中華民國)國立自然科學博物館,2018/01/01,2018/12/31
「飛覽竹山」特展,(中華民國)國立自然科學博物館,2018/01/01,2018/12/31
斷層槽溝保存館（常設展）,(中華民國)國立自然科學博物館,2018/01/01,2018/12/31
竹藝博物館常設展,(中華民國)吳聖宗;(中華民國)黃塗山;(中華民國)李榮烈;(中華民國)邱錦緞;(中華民國)葉寶蓮,2018/01/01,2018/12/31
南投陶常設展,(中華民國)南投縣政府文化局,2018/01/01,2018/12/31
臺灣省政資料館主題陳列特展,(中華民國)臺灣省政府資料室,2018/01/01,2018/12/31
擴增文學・數位百工特展　台灣文學×數位內容,(中華民國)國立臺灣文學館,2018/01/02,2018/12/31
擴增文學・數位百工特展　台灣文學×數位內容,(中華民國)國立臺灣文學館,2019/01/02,2019/12/20
「地圖很有事：地圖的臺灣史」特展,(中華民國)國立臺灣歷史博物館,2018/01/02,2018/08/12
「凝視日常」荷蘭藝術家哈勒曼特特展 The Beauties of Simplicity: Henk Helmantel,(荷蘭)Henk Helmantel,2018/01/25,2018/12/31
「凝視日常」荷蘭藝術家哈勒曼特特展 The Beauties of Simplicity: Henk Helmantel,(荷蘭)Henk Helmantel,2019/01/01,2019/02/25
布農館歲末特展《編染．編籃─106年度海端鄉布農技藝研習成果展》,(中華民國)海端鄉布農族文物館,2018/01/01,2018/06/30
關鍵出版之窗,(中華民國)高雄市立圖書館,2018/01/01,2018/12/31
「迴返－－總爺計畫」陳敬寶駐村成果展,(中華民國)陳敬寶,2018/01/02,2018/09/30
遷徙與再生－－消逝地景的採集與創造,(中華民國)臺南市總爺藝文中心,2018/01/02,2018/12/30
成人主題書展︰東南亞文化專區,(中華民國)高雄市立圖書館寶珠分館,2018/01/02,2018/12/30
「愛管弦事」成大管弦樂社回顧展,(中華民國)成功大學管弦樂社,2018/01/02,2018/10/31
「藝遊宇宙」蘇聯航太人文展,(中華民國)國立成功大學博物館,2018/01/01,2018/09/20
超‧實境-虛擬時空奇幻歷險展,(中華民國)國立自然科學博物館,2018/01/01,2018/08/31
黑蝙蝠中隊：奇龍計畫特展,(中華民國)新竹市文化局,2018/01/01,2018/08/17
蔡廷蘭進士第常設展,(中華民國)無實體展演者,2018/01/01,2018/12/31
澎湖化石館常設展,(中華民國)本活動無實體展演者,2018/01/01,2018/12/31
澎湖警察文物館常設展,(中華民國)澎湖警察文物館,2018/01/01,2018/12/31
澎湖地方特色海洋資源展,(中華民國)無實體展演者,2018/01/01,2018/12/31
澎湖生活博物館常設展,(中華民國)無實體展演者,2018/01/01,2018/12/31
澎湖開拓館常設展,(中華民國)本活動無實體展演者,2018/01/01,2018/12/31
二呆藝術展,(中華民國)無實體展演者,2018/01/01,2018/12/31
大嶼常民生活文物常設展,(中華民國)無實體展演者,2018/01/01,2018/12/31
花蓮縣文化局107年度「跨視域─典藏新貌展」,(中華民國)花蓮縣文化局,2018/01/01,2018/12/31
二呆藝館【無人問】特展,(中華民國)無實體展演者,2018/01/01,2018/12/23
【新北市立圖書館萬里分館】許捷芳「東北角地質景觀攝影個展」,(中華民國)許捷芳,2018/01/02,2018/12/31
戲劇展《從幕後到台前》,(中華民國)臺北市藝文推廣處,2018/01/01,2018/12/31
《傳統藝師林金鍊傀儡戲 藝術特展》,(中華民國)林金鍊,2018/01/01,2018/06/30
民主共和國之父－孫中山,(中華民國)國父紀念館,2018/01/01,2018/12/31
孫中山與臺灣,(中華民國)國立國父紀念館,2018/01/01,2018/12/31
漁業文物展,(中華民國)彰化區漁會,2018/01/01,2018/12/31
蚵藝作品常態展,(中華民國)王功蚵藝文化館,2018/01/01,2018/12/31
「四面亮麗，八方驚奇」玻璃特展,(中華民國)台灣玻璃館,2018/01/01,2018/12/31
織帶紡織品文物常態特展,(中華民國)縉陽織帶文化園區,2018/01/01,2018/12/31
光復初期台灣戶籍資料展（花壇鄉戶政事務所）,(中華民國)彰化縣文化局,2018/01/01,2018/12/31
鹿港鎮史文物常態展,(中華民國)鹿港鎮公所,2018/01/01,2018/12/31
醫學博物館(常態)展覽- 我們的身體,(中華民國)彰濱秀傳健康園區,2018/01/01,2018/12/31
彰化文學館展覽,(中華民國)彰化文學館,2018/01/01,2018/12/31
南北管文物樂器典藏常態展,(中華民國)南北管音樂戲曲館,2018/01/01,2018/12/31
彰化縣立圖書館-書道館常態特展,(中華民國)彰化縣文化局,2018/01/01,2018/12/31
彰化縣縣史常態特展,(中華民國)彰化縣文化局,2018/01/01,2018/12/31
彰化縣1895八卦山抗日保台史蹟常態展,(中華民國)彰化縣文化局,2018/01/01,2018/12/31
原住民族文物常態展,(中華民國)彰化縣原住民生活館,2018/01/01,2018/12/31
鹿港民俗文物典藏展,(中華民國)鹿港民俗文物館,2018/01/01,2018/12/31
元清觀民俗文物常態特展,(中華民國)元清觀民藝館,2018/01/01,2018/12/31
鎮館之寶─古月井記碑常態展,(中華民國)彰化市古月民俗館,2018/01/01,2018/12/31
賴和文物常態展,(中華民國)賴和文教基金會,2018/01/01,2018/12/31
探索「白蘭氏鷄精」生產過程導覽,(中華民國)白蘭氏健康博物館,2018/01/01,2018/12/31
呂碧銓文物常態展（田中鎮碧銓文物館）,(中華民國)田中鎮公所,2018/01/01,2018/12/31
與稻香共生常態展─中興穀堡：稻米博物館,(中華民國)稻米博物館,2018/01/01,2018/12/31
員林市警察故事館展覽,(中華民國)彰化縣員林市公所,2018/01/01,2018/12/31
捏麵作品常態展（巫家捏麵館）,(中華民國)巫家捏麵館,2018/01/01,2018/12/31
媽袓文物展,(中華民國)彰化市公所,2018/01/01,2018/12/31
彰化基督教醫院院史文物展,(中華民國)彰化基督教醫院,2018/01/01,2018/12/31
蘭大弼根的故事常態展,(中華民國)彰化基督教醫院,2018/01/01,2018/12/31
二二八‧0306,(中華民國)高雄市立歷史博物館,2018/01/01,2018/12/31
皮影戲館常設展 ,(中華民國)高雄市立歷史博物館,2018/01/01,2018/12/31
台灣風景、生態之美攝影聯展,(中華民國)南投縣貓羅溪社區大學數位攝影班成員,2018/01/10,2018/06/30
大溪木博館新展：「壹」起走過─壹號館與大溪初等教育的起源 (20171107-20181231),(中華民國)桃園市立大溪木藝生態博物館,2018/01/01,2018/12/31
「大溪人的生活與歷史」常設展,(中華民國)桃園市立大溪木藝生態博物館,2018/01/01,2018/12/31
戰爭與和平紀念館文物常設展,(中華民國)關懷台籍老兵文化協會,2018/01/01,2018/12/31
高雄市左營孔子廟常設展,(中華民國)高雄市立歷史博物館,2018/01/01,2018/12/31
打狗鐵道故事館文物常設展,(中華民國)高雄市立歷史博物館,2018/01/01,2018/12/31
打狗英國領事館文化園區常設展,(中華民國)高雄市政府文化局,2018/01/01,2018/12/31
國定古蹟原日本海軍鳳山無線電信所常設展,(中華民國)高雄市政府文化局,2018/01/01,2018/12/31
橋仔頭糖廠糖業博物館常設展,(中華民國)臺灣糖業股份有限公司高雄區處,2018/01/01,2018/12/31
「大溪木器馨-職人工藝傳說」常設展,(中華民國)桃園市立大溪木藝生態博物館,2018/01/01,2018/12/31
老宅開門--李騰芳古宅開館展,(中華民國)桃園市立大溪木藝生態博物館,2018/01/01,2018/12/31
歷史建築原頂林仔邊警察官吏派出所－林園歷史教室常設展,(中華民國)高雄市政府文化局,2018/01/01,2018/12/31
旗山車站糖鐵故事館常設展,(中華民國)高雄市政府文化局,2018/01/01,2018/12/31
新書特展,(中華民國)高雄市立圖書館大樹二館,2018/01/02,2018/12/30
市定古蹟鳳儀書院常設展,(中華民國)高雄市政府文化局,2018/01/01,2018/12/31
創造之湧泉,(中華民國)富永泰雄,2018/01/01,2018/12/31
快樂時光─旺旺與發發,(中華民國)賴純純,2018/01/01,2018/12/31
鳳山歷史教室常設展,(中華民國)高雄市政府文化局,2018/01/01,2018/12/31
北港迓媽祖特展,(中華民國)北港文化中心,2018/01/01,2018/12/31
我愛書畫簡聰敏・收藏書畫展－雲林縣警察局系列第4回（雲林縣警察局）,(中華民國)簡聰敏,2018/01/04,2018/06/28
我愛書畫簡聰敏・收藏書畫展－斗六戶政事務所系列第28回（斗六戶政事務所）,(中華民國)簡聰敏,2018/01/05,2018/06/29
主題書展－「歡喜迎新年」 ,(中華民國)雲林縣政府文化處,2018/01/01,2018/12/31
木藝堂－偶藝論春秋特展,(中華民國)雲林布袋戲館,2018/01/01,2018/12/31
掌中風雲　叱吒武林展,(中華民國)雲林布袋戲館,2018/01/01,2018/12/31
音樂的慰藉：臺灣原住民現代歌謠中的共享記憶特展,(中華民國)國立臺灣史前文化博物館,2018/02/09,2018/12/31
音樂的慰藉：臺灣原住民現代歌謠中的共享記憶特展,(中華民國)國立臺灣史前文化博物館,2019/01/01,2019/03/08
學童「3D 列印科學生活營」作品展示,(中華民國)國立臺灣史前文化博物館,2018/01/01,2018/12/31
史前國寶文創設計獎,(中華民國)國立臺灣史前文化博物館,2018/01/01,2018/12/31
新書特展,(中華民國)高雄市立圖書館大樹三館,2018/01/03,2018/12/30
幼愛閱及喜閱網及愛閱網書展,(中華民國)高雄市立圖書館草衙分館,2018/01/02,2018/12/30
環保畫家陳瑞瑚特展,(中華民國)陳瑞瑚,2018/01/02,2018/12/30
┋編故事┋刺繡創作展覽WeavingstoryEmbroideryExhibition說說刺繡工作室,,2018/01/26,2018/07/01
【新店文史館】新店老地名故事館年度主題特展,(中華民國)新店文史館,2018/01/02,2018/10/30
「神界．人間」臺史博館藏神像特展,(中華民國)國立臺灣歷史博物館,2018/01/09,2018/08/26
南島民族木雕展區等（一館二樓常設展）,(中華民國)苗栗縣政府國際文化觀光局,2018/01/02,2018/12/31
寺廟神像（二館二樓常設展）,(中華民國)苗栗縣政府國際文化觀光局,2018/01/02,2018/12/31
森林區、雕刻藝術的起源（一館一樓常設展）,(中華民國)苗栗縣政府國際文化觀光局,2018/01/02,2018/12/31
臺灣客家四百年常設展,(中華民國)客家委員會客家文化發展中心,2018/01/01,2018/12/31
走入布袋戲-操偶體驗暨虛擬實境展示,(中華民國)台中文化創意產業園區,2018/01/01,2018/12/16
小學生知識加油站-分年級好書展,(中華民國)國立公共資訊圖書館,2018/01/02,2018/12/30
縈青繚白──安陽隋唐墓瓷器特展,(中華民國)中央研究院歷史語言研究所歷史文物陳列館,2018/01/01,2018/12/31
雷電以風──甲骨文天氣預測特展,(中華民國)中央研究院歷史語言研究所歷史文物陳列館,2018/01/01,2018/12/31
人民力量 打破禁忌：二二八平反與轉型正義特展,(中華民國)二二八國家紀念館,2018/01/01,2018/12/31
他們的年代 史蹟穿越 特展,(中華民國)二二八國家紀念館,2018/01/01,2018/12/31
二二八事件常態展,(中華民國)二二八國家紀念館,2018/01/01,2018/12/31
圖簿裡的歷史軌跡－山佳車站回顧展,(中華民國)新北市樹林地政事務所,2018/01/01,2018/12/31
雅石展,(中華民國)薛大陸,2018/01/01,2018/12/31
新北市立鶯歌陶瓷博物館常設展,(中華民國)新北市立鶯歌陶瓷博物館,2018/01/01,2018/12/31
早安淡水－早安博物館活動,(中華民國)新北市立淡水古蹟博物館,2018/01/15,2018/12/14
愛心滿紅城－社福團體文化體驗之旅,(中華民國)新北市立淡水古蹟博物館,2018/01/15,2018/12/14
「從心出發，看自己也看世界」攝影展,(中華民國)沈元福;(中華民國)連世昌;(中華民國)黃文真,2018/01/08,2018/06/30
人之初‧藝之美─典藏石雕特展,(中華民國)花蓮縣文化局,2018/01/01,2018/12/31
愛的日常 - 張惠蘭個展,(中華民國)張惠蘭,2018/01/01,2018/12/11
石鼓燈箱展示─皮影戲系列,(中華民國)高雄市政府文化局,2018/01/01,2018/12/31
Meet Taiwan Contemporary Art at Twin Oaks,藝術銀行、駐美國經濟文化代表處臺灣書院,2018/02/01,2018/06/30
乘浪上港特展,(中華民國)高雄市政府文化局,2018/01/01,2018/12/31
由愛生根~葉由根神父故事特展,(中華民國)新竹縣政府文化局,2018/01/01,2018/07/31
軍事法庭 空間復原展示 ,(中華民國)國家人權博物館,2018/01/01,2018/12/31
「春天藝術節」主題書展,(中華民國)高雄市立圖書館總館,2018/01/23,2018/06/30
台灣扶鸞文化特展,(中華民國)蘭陽博物館,2018/01/01,2018/09/04
遺跡解謎「魟魚與海蛄蝦大戰」生痕化石特展,(中華民國)國立臺灣博物館;(中華民國)國立臺灣大學地質系,2018/01/01,2018/12/31
「蘭陽博物館」常設展,(中華民國)宜蘭縣立蘭陽博物館,2018/01/01,2018/12/31
2018星光閃耀黃金沙城-十全十美南投新視界,(中華民國)南投縣政府文化局,2018/01/30,2018/09/30
仿生展 從大自然來的絕妙點子,(中華民國)國立臺灣科學教育館,2018/01/01,2018/11/26
記憶・再生：大溪武德殿展演,(中華民國)桃園市立大溪木藝生態博物館,2018/02/14,2018/12/31
居延漢簡──漢帝國的防衛線,(中華民國)中央研究院歷史語言研究所歷史文物陳列館,2018/01/01,2018/12/31
稀世之珍──西北岡1001號大墓特展,(中華民國)中央研究院歷史語言研究所歷史文物陳列館,2018/01/01,2018/06/30
殷墟文化,(中華民國)中央研究院歷史語言研究所歷史文物陳列館,2018/01/01,2018/06/30
「夢‧行西城」特展,(中華民國)臺北市立文獻館,2018/01/01,2018/10/31
「快樂學歷史」常設展,(中華民國)宜蘭縣史館,2018/01/02,2018/12/30
「Ai Mi Na KAVALAN─噶瑪蘭族復名運動三十年」特展,(中華民國)宜蘭縣史館,2018/01/02,2018/09/30
主題書展,(中華民國)臺東縣政府文化處,2018/06/01,2018/06/30
主題書展,(中華民國)臺東縣政府文化處,2018/07/01,2018/07/31
主題書展,(中華民國)臺東縣政府文化處,2018/08/01,2018/08/31
主題書展,(中華民國)臺東縣政府文化處,2018/09/01,2018/09/30
主題書展,(中華民國)臺東縣政府文化處,2018/10/01,2018/10/31
主題書展,(中華民國)臺東縣政府文化處,2018/11/01,2018/11/30
主題書展,(中華民國)臺東縣政府文化處,2018/12/01,2018/12/31
艾摩爾創作個展：告黑,(中華民國)艾摩爾,2018/02/02,2018/07/01
安平蚵灰窯文化館常設展,(中華民國)臺南市安平蚵灰窯文化館,2018/01/01,2018/12/30
葉石濤文學紀念館常設展,(中華民國)葉石濤,2018/01/01,2018/12/30
鐵道園區雕塑展,(中華民國)展望;(中華民國)木戶修;(中華民國)多和圭三;(中華民國)成東勳;(中華民國)宋璽德;(中華民國)李在孝;(中華民國)梁任宏;(中華民國)董振平,2018/01/01,2018/12/31
[疲軟世界─蔣中正&毛澤東]雕塑展,(中華民國)邱昭財,2018/01/01,2018/12/31
許自貴《十二生肖》 雕塑展,(中華民國)許自貴,2018/01/01,2018/12/31
「音樂的慰藉：臺灣原住民現代歌謠中的共享記憶」特展,(中華民國)國立臺灣史前文化博物館,2018/02/09,2018/12/31
「音樂的慰藉：臺灣原住民現代歌謠中的共享記憶」特展,(中華民國)國立臺灣史前文化博物館,2019/01/01,2019/03/08
馬修連恩聲音雕塑,(中華民國)國立臺灣史前文化博物館,2018/01/01,2018/12/31
覓境-水下文化資產AR+VR虛擬實境體驗展,(中華民國)台中文化創意產業園區,2018/01/20,2018/07/30
想要帶你游花園：民樂交陪藝術季,(中華民國)台中文化創意產業園區,2018/01/01,2018/09/30
「緣客人生」常設展,(中華民國)苗栗縣政府國際文化觀光局,2018/01/01,2018/12/31
駁二塔PIER─2 TOWER,(中華民國)高雄市政府文化局,2018/01/01,2018/12/31
陳澄波畫作「山林唸歌」特展,(中華民國)陳澄波,2018/01/01,2018/12/31
第九屆「總統文化獎」特展,(中華民國)總統府,2018/01/01,2018/12/31
「遠古的榮耀-臺灣史前文化」特展,(中華民國)總統府,2018/01/01,2018/12/31
「設計M/m臺灣」特展	總統府,(中華民國)總統府,2018/01/01,2018/12/31
鳥語花香卦山情～林進華繪畫攝影展,(中華民國)林進華,2018/02/06,2018/07/01
藍約翰陶藝作品特展,(中華民國)藍約翰,2018/01/02,2018/12/30
鬼功．象牙球：牙雕的奇巧極致,(中華民國)國立故宮博物院南院處,2018/01/01,2018/07/01
南亞美玉特展：來自天方的仙工,(中華民國)國立故宮博物院南院處,2018/01/01,2018/07/29
尊重多樣，接納不一樣！科博館引進南非電影電視獎最佳動畫片 《酷巴的尋斑冒險》,國立自然科學博物館,2018/06/21,2018/06/29
為推廣線上蒐藏庫，凡成為會員，即可獲得科博館免費參觀劵，數量有限，歡迎把握機會！,國立自然科學博物館,2018/06/21,2018/09/29
作伙歡喜來閱讀～閱翻悅有趣：107老庄社區圖書借閱活動,(中華民國)苗栗縣卓蘭鎮立圖書館,2018/01/01,2018/12/31
《我家蟲住民》,(中華民國)國立自然科學博物館,2018/02/07,2018/10/14
狗的特展,(中華民國)國立自然科學博物館,2018/02/09,2018/09/02
南投國際沙雕藝術文化園區「2018星光閃耀黃金沙城」沙雕展,(中華民國)南投縣政府文化局,2018/01/30,2018/10/31
東門城「FUTURE ME」藝術行動　翻新老城印象,(中華民國)沃沃美學,2018/01/05,2018/06/30
游守中藝術空間 ,(中華民國)游守中,2018/02/21,2018/06/30
吳寬瀛─巨人的積木,(中華民國)吳寬瀛,2018/01/01,2018/12/31
袁金塔當代藝術展,(中華民國)袁金塔,2018/03/01,2018/06/30
第一特展室：客鄉硘想－客庄生活陶瓷特展,(中華民國)客家委員會客家文化發展中心,2018/02/09,2018/12/31
第三特展室（兒童館）：客庄遊樂去－探索客庄生活智慧及節慶生活,(中華民國)客家委員會客家文化發展中心,2018/01/01,2018/12/31
第四特展室：「硬頸時代－客家守護臺灣的故事」特展,(中華民國)客家委員會客家文化發展中心,2018/01/01,2018/12/31
第六特展室：閱讀記憶洪流-客家文學與音樂,(中華民國)客家委員會客家文化發展中心,2018/01/01,2018/06/30
第八特展室：風華世代．客家貢獻館,(中華民國)客家委員會客家文化發展中心,2018/01/01,2018/12/31
《我家蟲住民》特展,,2018/02/07,2018/10/15
駁二舊事倉庫,(中華民國)高雄市政府文化局,2018/01/01,2018/12/31
物．體無—在浪費的遺跡裡生產意義,(中華民國)袁慧莉;(中華民國)黃柏皓;(中華民國)曾霆羽,2018/05/16,2018/07/10
兒童主題書展(6月份),(中華民國)臺中市立圖書館大里分館,2018/06/01,2018/06/30
發現臺灣：重訪臺灣博物學與博物學家的年代DiscoveringTaiwan-Re-visitingtheAgeofNaturalHistoryandNaturalistofTaiw,,2017/11/21,2028/01/01
昆蟲飛行秘技特展SpecialExhibitionofInsectFlySecret,,2017/11/21,2018/09/03
2018文創暨師生美展 ,(中華民國)中華大學人文社會學院師生,2018/05/16,2018/09/21
山海共鳴──臺灣音樂常設展,(中華民國)臺灣音樂館,2018/01/01,2018/12/31
孫中山與臺灣,(中華民國)國立國父紀念館,2018/02/10,2018/12/31
工藝交流館--春夏季特展：漆物‧語日常,(中華民國)桃園市立大溪木藝生態博物館,2018/03/13,2018/08/12
來木博館壹號館‧穿越時空玩大溪,(中華民國)桃園市立大溪木藝生態博物館,2018/02/01,2018/12/31
時光造藝-日治時期臺灣生活工藝源流與傳承,,2018/04/06,2018/09/17
遇見大自然~矇眼摸樹x地球漫步,(中華民國)荒野保護協會,2018/03/17,2018/11/24
中國西南民族,(中華民國)中央研究院歷史語言研究所歷史文物陳列館,2018/01/01,2018/12/31
龍山文化,(中華民國)中央研究院歷史語言研究所歷史文物陳列館,2018/01/01,2018/12/31
西周文化,(中華民國)中央研究院歷史語言研究所歷史文物陳列館,2018/01/01,2018/12/31
東周文化,(中華民國)中央研究院歷史語言研究所歷史文物陳列館,2018/01/01,2018/12/31
世界地球日環保海報展,(中華民國)美國在台協會,2018/03/01,2018/06/30
臺南家具產業博物館「家具產業歷史巡禮」常設展,(中華民國)臺南家具產業博物館,2018/01/02,2018/12/30
【新北市立圖書館新莊中港分館】107年06月性別平等面面觀海報展,(中華民國)新北市立圖書館總館,2018/06/01,2018/06/30
【新北市立圖書館新莊中港分館】107年07月性別平等面面觀海報展,(中華民國)本活動無實體展演者,2018/07/01,2018/07/31
【新北市立圖書館新莊中港分館】107年06月「傳統藝術」館藏特色主題書展,(中華民國)新北市立圖書館新莊中港分館,2018/06/01,2018/06/30
【新北市立圖書館新莊中港分館】107年07月「傳統藝術」館藏特色主題書展,(中華民國)本活動無實體展演者,2018/07/01,2018/07/31
跳進名畫中的兔子,(中華民國)Shae(許瑋彤),2018/03/03,2018/07/03
「幻象瑪爾斯」VR虛擬實境體驗展,(中華民國)臺南市南瀛科學教育館,2018/01/02,2018/12/31
南瀛科學教育館「天文世界的奧秘」常設展,(中華民國)臺南市南瀛科學教育館,2018/01/02,2018/12/30
紫砂風潮─傳世器及其他,(中華民國)國立故宮博物院,2018/04/08,2018/07/08
「在臺灣土地上留下女人的印記」彰化夢想館「臺灣女性文化地標」特展,(中華民國)彰化縣政府,2018/03/01,2018/06/30
樹谷生活科學館常設展,(中華民國)樹谷生活科學館,2018/01/02,2018/12/30
107年4-6月份主題書展：閱讀越健康《醫學養生》類,(中華民國)線西鄉立圖書館,2018/04/10,2018/06/30
日光石頭博物館常設展,(中華民國)陳仁德,2018/01/02,2018/12/31
臺灣烏腳病醫療紀念館常設展,(中華民國)烏腳病紀念館,2018/01/04,2018/12/30
蕭壠文化園區「看見西拉雅」常設展,(中華民國)蕭壠文化園區,2018/01/03,2018/12/30
顏水龍紀念館常設展,(中華民國)總爺藝文中心,2018/01/03,2018/12/30
倒風內海故事館常設展,(中華民國)倒風內海故事館,2018/01/03,2018/12/30
總爺藝文中心「甜蜜蜜－－到臺南找甜頭」常設展,(中華民國)總爺藝文中心,2018/01/03,2018/12/30
「紛．族」第五屆MAKAPHA 美術獎～吼美～,(中華民國)第五屆MAKAPA美術獎得獎者,2018/03/06,2018/06/30
楊逵文學紀念館常設展,(中華民國)楊逵文學紀念館,2018/01/02,2018/12/30
龍檔紀實展,(中華民國)龍潭區公所,2018/01/01,2018/07/31
2018年全國青少年編輯營－耕耘大地詩行,國立台灣文學館,2018/07/06,2018/07/09
過盡千帆─王攀元繪畫藝術,,2018/05/04,2018/07/02
蕭嘉生油畫展（員林市黃家莊餐廳）,(中華民國)蕭嘉生,2018/03/15,2018/09/30
"空間･詩･人:李光裕創作研究展 Space, Poetry and People：Art of Lee Kuang-Yu",(中華民國)李光裕,2018/03/31,2018/07/15
大陸名家油畫特展/觀音文物特展,(中國)陳培南,2018/03/12,2018/06/30
慈悲與智慧—宗教雕塑藝術  ,(中華民國)國立故宮博物院,2018/01/01,2018/12/31
院藏清代歷史文書珍品,(中華民國)國立故宮博物院,2018/01/20,2018/11/04
院藏善本古籍選粹,(中華民國)國立故宮博物院,2018/01/20,2018/11/04
南北故宮　國寶薈萃,(中華民國)國立故宮博物院,2018/01/01,2018/12/31
適於心—永樂皇帝的瓷器特展,(中華民國)國立故宮博物院,2018/01/01,2018/12/31
貴貴琳瑯游牧人：院藏清代蒙回藏文物特展,(中華民國)國立故宮博物院,2018/01/01,2018/08/20
若水澄華-院藏玻璃文物特展,(中華民國)國立故宮博物院,2018/01/01,2018/12/31
藝域漫遊 郎世寧新媒體藝術展,(中華民國)國立故宮博物院,2018/01/01,2018/12/31
集瓊藻—院藏珍玩精華展,(中華民國)國立故宮博物院,2018/01/01,2018/12/31
敬天格物－院藏玉器菁華展  ,(中華民國)國立故宮博物院,2018/01/01,2018/12/31
摶泥幻化—院藏陶瓷菁華展,(中華民國)國立故宮博物院,2018/01/01,2018/12/31
鐘鼎彝銘─漢字源流展  ,(中華民國)國立故宮博物院,2018/01/01,2018/12/31
貴冑榮華--清代家具展,(中華民國)國立故宮博物院,2018/01/01,2018/12/31
國立故宮博物院戶外公共藝術〈無為/無不為〉,(中華民國)國立故宮博物院,2018/01/01,2018/12/31
張大千先生紀念館  ,(中華民國)國立故宮博物院;(中華民國)張大千,2018/01/01,2018/12/31
偽好物—十六至十八世紀「蘇州片」及其影響,(中華民國)國立故宮博物院,2018/04/01,2018/09/25
千年一問─鄭問故宮大展,(中華民國)國立故宮博物院,2018/06/16,2018/09/07
另空間,(中華民國)游文富;(澳大利亞)派翠西亞‧匹斯尼尼;(日本)加納貴弘;(中華民國) 須田悅弘;(中華民國)廖建忠,2018/01/01,2018/08/26
《教育學習展》找回真實之美 │ 洪禹,(中華民國)洪禹,2018/03/10,2018/08/26
常設展 臺灣的生物展示區,(中華民國)國立臺灣博物館,2018/01/01,2018/12/31
見城館特展,(中華民國)高雄市立歷史博物館,2018/03/03,2018/06/30
中國家具博物館常設展,(中華民國)中國家具博物館,2018/01/02,2018/12/30
吉金耀采-院藏銅器菁華展,(中華民國)國立故宮博物院,2018/01/01,2018/12/31
高山人文及山岳生態攝影展,(中華民國)內政部營建署玉山國家公園管理處,2018/03/01,2018/06/30
常設展 臺灣的原住民族展,(中華民國)國立臺灣博物館,2018/01/01,2018/12/31
常設展 發現臺灣-重訪臺灣博物學與博物學家的年代,(中華民國)國立臺灣博物館,2018/01/01,2018/12/31
常設展 戶外展覽,(中華民國)國立臺灣博物館,2018/01/01,2018/12/31
常設展：土銀行史室常設展,(中華民國)國立臺灣博物館,2018/01/01,2018/12/31
土銀展示館古蹟修復室 ,(中華民國)國立臺灣博物館,2018/01/01,2018/12/31
常設展：臺博古生物大展－生命的史詩與演化共舞,(中華民國)國立臺灣博物館,2018/01/01,2018/12/31
凝望自我-王德合藝術創作展,(中華民國)王德合,2018/06/05,2018/07/05
城市裡的森林密境- 新竹綠園道地景藝術,(中華民國)郭秉泓;(中華民國)游雯嵐,2018/03/06,2018/12/31
奇美博物館常設展,(中華民國)奇美博物館,2018/01/01,2018/12/31
2018新北市畢業祭《青春分號；不句號。》,(中華民國)各大專院校,2018/03/28,2018/07/18
「遊戲的軌跡」蔡宜儒個展,,2018/04/06,2018/07/01
國立臺南大學博物館柏楊文物館常設展,(中華民國)國立臺南大學博物館柏楊文物館,2018/01/02,2018/12/30
二二八的女兒紀念特展,(中華民國)臺北二二八紀念館,2018/03/08,2018/07/08
常設展：袋袋相傳,(中華民國)台北偶戲館,2018/01/01,2018/12/31
常設展：絲絲入扣 傀儡戲區,(中華民國)台北偶戲館,2018/01/01,2018/12/31
常設展：影影約約 皮影戲區,(中華民國)台北偶戲館,2018/01/01,2018/12/31
詩步領羊 Spring羊,(中華民國)蔡坤霖,2018/03/16,2018/12/31
金門縣宗族文化研究協會「姓氏源流在金湖特展」活動,(中華民國)金門縣宗族文化研究協會,2018/03/15,2018/11/30
新北市山岳攝影協會作品聯展,(中華民國)新北市山岳攝影協會,2018/04/03,2018/06/29
2018第11屆金車油畫獎,,2018/06/01,2018/07/01
桃園市立圖書館中壢分館主題書展：印尼文化,(中華民國)桃園市立圖書館中壢分館,2018/06/01,2018/06/30
桃園市立圖書館內壢分館主題書展：藝術科技,(中華民國)桃園市立圖書館內壢分館,2018/06/01,2018/06/30
桃園市立圖書館龍岡分館主題書展：虛擬實境,(中華民國)桃園市立圖書館龍岡分館,2018/06/01,2018/06/30
神奇的蠟筆畫－邱雲寶老師蠟筆畫個展,(中華民國)邱雲寶,2018/04/02,2018/06/29
「石鼓書法篆刻及山水花語人物油畫」創作展,(中華民國)國立公共資訊圖書館中興分館,2018/04/10,2018/08/03
「師法自然」書畫展,(中華民國)新北市新莊書畫會 徐秀娥,2018/04/03,2018/06/29
戀戀淡水河郭淑敏水彩畫個展,,2018/05/30,2018/07/01
《涼色夏日》WillChen、黃馨、賴楚穎-攝影、藝術聯展,,2018/04/24,2018/07/24
《幸福派對》食菇、芝CY、琦米插畫聯展,,2018/06/14,2018/09/14
《走！一起冒險吧！》Jill、Yuzi、Jonathan插畫聯展,,2018/06/19,2018/09/19
桃園市立圖書館中壢分館主題書展：傳播媒體,(中華民國)桃園市立圖書館中壢分館,2018/07/01,2018/07/31
桃園市立圖書館中壢分館主題書展：人工智慧,(中華民國)桃園市立圖書館中壢分館,2018/08/01,2018/08/31
桃園市立圖書館龍岡分館主題書展：寵物,(中華民國)桃園市立圖書館龍岡分館,2018/09/01,2018/09/30
2018臺灣木雕專題展－薪傳．人間 陳正雄木雕展,(中華民國)陳正雄,2018/04/18,2018/07/15
人之初．藝之美─典藏石雕特展,(中華民國)花蓮縣文化局,2018/01/01,2018/12/31
『創作』─ 作了  很不一樣,(中華民國)陳尤慶,2018/06/16,2018/09/15
「歲月違章」寶藏巖歷史重述展,(中華民國)寶藏巖國際藝術村,2018/02/25,2018/12/31
｜西南寮興安宮｜「扛茨走溪流：臺江風土與自然」第2檔巡迴特展,(中華民國)國立臺灣歷史博物館,2018/03/25,2018/12/31
桃園市立圖書館龍岡分館主題書展：泰國文化,(中華民國)桃園市立圖書館龍岡分館,2018/10/01,2018/10/31
桃園市立圖書館龍岡分館主題書展：越南文化,(中華民國)桃園市立圖書館龍岡分館,2018/11/01,2018/11/30
過盡千帆─王攀元繪畫藝術,(中華民國)王攀元,2018/05/04,2018/07/01
主題書展︰藝術交響樂(樂器篇),(中華民國)高雄市立圖書館大東藝術圖書館,2018/04/01,2018/06/30
撫臺石頭厝,(中華民國)撫台街洋樓,2018/01/01,2018/12/31
人之初‧藝之美-典藏石雕特展,(中華民國)花蓮縣文化局,2018/01/01,2018/12/31
士林官邸常設展,(中華民國)臺北市政府文化局,2018/01/01,2018/12/31
蔣中正夫婦在武漢抗戰的身影,(中華民國)臺北市政府文化局,2018/03/13,2018/08/31
張杰、葉昱伶、姚彩燈彩墨聯展,(中華民國)張杰,2018/01/01,2018/06/30
臺北市林語堂故居常設展,(中華民國)臺北市林語堂故居,2018/01/01,2018/12/31
芝山文化生態綠園常設,(中華民國)芝山文化生態綠園,2018/01/01,2018/12/31
紫火行雲落灰成陶─林昭地陶藝常設展,(中華民國)林昭地,2018/03/01,2018/12/30
孫運璿科技人文紀念館常設展,(中華民國)孫運璿科技‧人文紀念館,2018/01/01,2018/12/31
草山行館常設展,(中華民國)臺北市草山行館,2018/01/01,2018/12/31
時空美學的對話與辯證-烏來學台車歷史文化特展,(中華民國)烏來林業生活館,2018/03/25,2018/06/30
蔡瑞月舞蹈研究社歷史建築常設,(中華民國)蔡瑞月舞蹈研究社,2018/01/01,2018/12/31
「糖廠開門」特展,(中華民國)臺北市政府文化局,2018/01/01,2018/12/31
「環境生態」主題書展（107年6月份）,(中華民國)欣榮紀念圖書館暨玉蘭文化會館,2018/06/01,2018/06/30
快意人生陶藝雕塑聯展,(中華民國)張舒嵎,2018/05/31,2018/06/28
[護照手環]掌中的宇宙 A Boundless Universe Within the Palm,,2018/04/12,2018/08/12
藝起來-2018新北市土城藝術推廣協會-會員聯展,國立臺灣圖書館,2018/06/22,2018/06/30
「魔幻鯤島，妖鬼奇譚」──臺灣鬼怪文學特展,,2018/03/28,2019/02/24
偶的異想世界 偶戲台前幕後特展│開展活動,(中華民國)無獨有偶工作室劇團,2018/05/20,2018/09/02
張舒嵎   從小雪走過冬至 詩‧雕塑展/廖本生 東意‧西形 繪畫創作展,(中華民國)張舒嵎;(中華民國)廖本生,2018/04/03,2018/06/29
2018臺灣文學行動博物館,國立臺灣文學館,2018/02/28,2018/11/11
【新北市立圖書館新莊分館】107年06月「室內設計」館藏特色主題書展 ,(中華民國)新北市立圖書館新莊分館,2018/06/01,2018/06/30
【新北市立圖書館新莊聯合分館】107年06月「生活保健」館藏特色主題書展,(中華民國)新北市立圖書館新莊聯合分館,2018/06/01,2018/06/30
【新北市立圖書館新莊福營分館】107年06月「有機產業」館藏特色主題書展,(中華民國)新北市立圖書館新莊福營分館,2018/06/01,2018/06/30
【新北市立圖書館新莊福營分館】107年06月「閱讀起步走」嬰幼兒主題書展,(中華民國)新北市立圖書館新莊福營分館,2018/06/01,2018/06/30
【新北市立圖書館新莊裕民分館】107年06月「寵物」館藏特色主題書展,(中華民國)新北市立圖書館新莊裕民分館,2018/06/01,2018/06/30
【新北市立圖書館新莊裕民分館】107年06月多元文化主題書展,(中華民國)新北市立圖書館新莊裕民分館,2018/06/01,2018/06/30
【新北市立圖書館新莊西盛分館】107年06月「占卜面相」館藏特色主題書展,(中華民國)新北市立圖書館新莊西盛分館,2018/06/01,2018/06/30
【新北市立圖書館新莊西盛分館】107年06月原住民主題書展 ,(中華民國)新北市立圖書館新莊西盛分館,2018/06/01,2018/06/30
老爺行旅6789gallery主題展：初次見面 First Sight,(中華民國)陳明澤;(中華民國)王連晟;(中華民國)林子荃,2018/03/10,2018/08/26
姜晴心、張立欣、許可昀、陳愷靜繪畫創作聯展,,2018/05/03,2018/08/29
筆墨躍動─林維坡書法展,(中華民國)林維坡,2018/04/02,2018/06/27
葫蘆藝術─吳嘉龍個展,(中華民國)吳嘉龍,2018/04/02,2018/06/27
展覽：「2017 年度最佳少年兒童讀物暨第 73 梯次好書大家讀」得獎書展,(中華民國)臺北市立圖書館,2018/04/23,2018/06/30
展覽：「霍金的奇幻世界」主題書展,(中華民國)臺北市立圖書館,2018/04/01,2018/06/30
展覽：「來看我們家的書嘛」館員推薦書展,(中華民國)臺北市立圖書館,2018/04/01,2018/06/30
展覽：i-share 館員推薦好書主題展,(中華民國)臺北市立圖書館,2018/04/01,2018/12/31
展覽：「樂活運動力」主題書展,(中華民國)臺北市立圖書館,2018/04/01,2018/06/30
展覽：「北歐旅遊」館藏特色主題書展,(中華民國)臺北市立圖書館,2018/04/01,2018/06/30
展覽：「好書交享樂․書好樂分享」館員推薦書展,(中華民國)臺北市立圖書館,2018/04/01,2018/12/31
展覽：食療保健特展,(中華民國)臺北市立圖書館,2018/04/01,2018/06/30
展覽：翻轉驚奇美一頁－立體書書展,(中華民國)臺北市立圖書館,2018/04/01,2018/12/31
院藏善本古籍選粹,(中華民國)國立故宮博物院,2018/01/01,2018/11/04
院藏清代歷史文書珍品,(中華民國)國立故宮博物院,2018/01/01,2018/11/04
【新北市立圖書館中和分館】OPEN！兒童閱覽室(6月份),(中華民國)新北市立圖書館中和分館,2018/06/01,2018/06/30
匠心獨妙．木雕與銅雕藝術特展,(中華民國)李秉圭;(中華民國)柯建華,2018/04/13,2018/07/29
光。陰-柯偉國個展,,2018/05/12,2018/06/28
「甜點大賞」主題書展,(中華民國)南投縣政府文化局圖書館,2018/05/01,2018/06/30
陳千武同時代詩人主題展,(中華民國)南投縣政府文化局,2018/05/05,2018/10/31
「到全世界去看表演」主題書展,(中華民國)彰化縣文化局,2018/04/03,2018/06/30
潮 -2018高雄市西瀛畫會會員聯展,,2018/07/10,2018/07/10
繪聚精彩,,2018/07/10,2018/07/10
張綺芳-金工創作個展,,2018/05/12,2018/07/09
愛侶連續展之【夢在不遠的遠方】楊素敏創作個展,,2018/06/02,2018/07/01
「中華民國第十八屆國際版畫雙年展 」初審入圍名單,,2018/04/09,2020/03/31
【新北市立圖書館新莊分館】107年07月「室內設計」館藏特色主題書展 ,(中華民國)新北市立圖書館新莊分館,2018/07/01,2018/07/31
【新北市立圖書館新莊聯合分館】107年07月「生活保健」館藏特色主題書展,(中華民國)新北市立圖書館新莊聯合分館,2018/07/01,2018/07/31
【新北市立圖書館新莊福營分館】107年07月「有機產業」館藏特色主題書展,(中華民國)新北市立圖書館新莊福營分館,2018/07/01,2018/07/31
臺中媽祖專車：人文薈萃線(5場),(中華民國)臺中市政府文化局,2018/08/18,2018/09/15
臺中媽祖專車：文采風柳線(5場),(中華民國)臺中市政府文化局,2018/08/19,2018/09/16
中堅攝影協會第42屆攝影作品展,(中華民國)臺中市立圖書館石岡分館,2018/07/01,2018/07/31
「地圖很有事：地圖的臺灣史」特展之策展人導覽,(中華民國)國立臺灣歷史博物館,2018/07/28,2018/07/28
「地圖很有事：地圖的臺灣史」特展之策展人導覽,(中華民國)國立臺灣歷史博物館,2018/09/29,2018/09/29
「藍色星球．綠色大地」兒童自然文學主題書展,(中華民國)國立臺灣文學館,2018/04/03,2018/07/08
嘉義市「107年世界閱讀日」打開書本去冒險—好書大家讀書展,,2018/04/22,2018/06/30
【新北市立圖書館新莊西盛分館】107年07月「占卜面相」館藏特色主題書展,(中華民國)新北市立圖書館新莊西盛分館,2018/07/01,2018/07/31
【新北市立圖書館新莊西盛分館】107年07月原住民主題書展 ,(中華民國)新北市立圖書館新莊西盛分館,2018/07/01,2018/07/31
【新北市立圖書館中和分館】OPEN！兒童閱覽室(7月份),(中華民國)新北市立圖書館中和分館,2018/07/01,2018/07/31
葉蘭香老師畫展,(中華民國)葉蘭香,2018/04/08,2018/12/31
2018環境電影節─「環藝影像獎」創作比賽徵件,,2018/02/01,2018/08/01
【新北市立圖書館新莊福營分館】107年07月「閱讀起步走」嬰幼兒主題書展,(中華民國)新北市立圖書館新莊福營分館,2018/07/01,2018/07/31
【新北市立圖書館新莊裕民分館】107年07月「寵物」館藏特色主題書展,(中華民國)新北市立圖書館新莊裕民分館,2018/07/01,2018/07/31
【新北市立圖書館新莊裕民分館】107年07月多元文化主題書展,(中華民國)新北市立圖書館新莊裕民分館,2018/07/01,2018/07/31
光。陰-柯偉國個展,(中華民國)柯偉國,2018/05/12,2018/06/27
部落大學及駐點創作展,(中華民國)臺中市政府原住民族事務委員會,2018/04/14,2018/06/30
科博館訴說一段跨國的愛 玉里的法國爸爸特展 即日起登場,,2018/04/11,2018/11/04
炙－國際當代琺瑯展,臺北當代工藝設計分館,2018/05/04,2018/08/19
閱讀女聲-文學詩方體裝置藝術展覽(齊東詩舍：臺北市中正區濟南路2段27號),國立臺灣文學館,2018/04/01,2018/09/30
娜涼姐姐創作手工皂特展,(中華民國)娜涼姊姊,2018/05/04,2018/08/31
走路鳥稍微畫個展,(中華民國)書巴里/邱毅成,2018/05/04,2018/08/31
新北市立圖書館深坑分館107年6月主題書展-「經絡按摩自己來」,(中華民國)新北市立圖書館深坑分館,2018/06/01,2018/06/30
玉里的法國爸爸特展,(中華民國)國立自然科學博物館,2018/04/10,2018/11/04
山姆．詹克斯個展《流變之身 》,(澳大利亞)Sam Jinks ,2018/05/05,2018/08/26
2018TIDF台灣國際紀錄片影展紀錄X聲音：電影耳：記錄聲音／聲音紀錄,(中華民國)澎葉生,2018/05/11,2018/07/08
里山里海 刻劃森海傳藝-陳俊宏、許萬利木雕藝術聯展,(中華民國)陳俊宏;(中華民國)許萬利,2018/04/14,2018/07/01
2019金車美展徵件,,2018/07/01,2018/08/01
王福瑞＆盧藝響相X聲物展ll,,2018/06/30,2018/09/02
五月女桂子的逆襲~桂子的裏博覽会~,,2018/06/23,2018/08/26
閱讀金工─金屬工藝書展,,2018/04/24,2018/12/30
百字墨圓謝瑞煌書法展,(中華民國)謝瑞煌,2018/04/16,2018/06/30
迴杙連結基隆港意象展示,,2018/04/01,2019/01/01
2018-19「生命之樹」國際工藝交流展,技術組纖維工坊,2018/04/17,2019/01/27
掌中的宇宙,(中華民國)研作展藝型偶社;(中華民國)古都木偶劇團;(中華民國)霹靂布袋戲(霹靂國際多媒體、偶動漫娛樂事業股份有限公司);(中華民國)神魔布袋戲(蕭建平電視木偶劇團);(中華民國)江湖救援團(NPY STUDIO);(中華民國)師大布袋戲研習社;(中華民國)交通大學布袋戲社;(中華民國)逢甲大學布袋戲研習社;(中華民國)北一女布袋戲研習社,2018/04/12,2018/08/12
Eye上花蓮空拍攝影展,(中華民國)洄瀾網,2018/04/01,2018/06/30
《2018第5屆X-site：工務所的行動研究-OO》,,2018/06/02,2018/07/30
2018荊山經典文創藝術獎,,2018/04/30,2018/09/08
蔣勳．美學．創作教育：1983大度山聯展,(中華民國)亞洲大學現代美術館,2018/03/30,2018/09/23
妮基·桑法勒海豚上的娜娜,(中華民國)亞洲大學現代美術館,2018/01/01,2018/12/31
安藤忠雄建築展,(中華民國)亞洲大學現代美術館,2018/01/01,2018/12/31
台灣之美攝影展,(中華民國)陳慶隆,2018/04/03,2018/06/29
「鄒珍玥魔力瓷器彩繪」聯展,(中華民國)新莊社區大學魔力生活瓷器彩繪班鄒珍玥師生,2018/04/02,2018/06/30
曾麗滿、李玲學生書法水彩聯展,(中華民國)郭育志,2018/04/09,2018/06/29
【姜晴心、張立欣、許可昀、陳愷靜】繪畫創作聯展,(中華民國)姜晴心;(中華民國)張立欣;(中華民國)許可昀;(中華民國)陳愷靜,2018/05/03,2018/08/28
主題書展：深度旅遊──北歐 ,(中華民國)高雄市立圖書館左營分館,2018/05/01,2018/08/31
王福瑞&盧藝 響相X聲物展ll,(中華民國)王福瑞;(中華民國)盧藝,2018/06/01,2018/09/01
戲遊形·色-蔡正一油畫展,(中華民國)蔡正一,2018/05/25,2018/07/01
體育文物館,(中華民國)本活動無實體展演者,2018/01/01,2018/12/31
松年大學書畫展-智者的彩筆,(中華民國)徐慕仁;(中華民國)劉春田;(中華民國)郭慧英;(中華民國)黃玉花;(中華民國)張碧雲;(中華民國)許李玉女;(中華民國)陳楊月鳳;(中華民國)詹許惠珠;(中華民國)陳姚燕珠;(中華民國)蔡漢榮;(中華民國)黃陳茶;(中華民國)鄭愛蓮,2018/04/02,2018/06/30
｜102當代藝術空間｜「在裸視3.0的三種視界」張芳榜、沈信佑、劉芸柔三聯展,(中華民國)張芳榜;(中華民國)沈信佑;(中華民國)劉芸柔,2018/05/10,2018/06/26
《聯汐夢想》2018 汐止區公立各級學校師生聯展,,2018/05/04,2018/06/27
遇見幸福的時光,(中華民國)蔡國樑,2018/04/01,2018/06/30
毫端紫氣躍龍潭會員聯展,(中華民國)葉禮鐼;(中華民國)泮秋書會,2018/06/15,2018/06/30
無形文化資產：長義閣文物展,(中華民國)長義閣掌中劇團,2018/04/03,2018/07/01
李宜亞－油彩創作展,金車文藝中心,2018/05/05,2018/07/01
顏群－油畫創作展,金車文藝中心,2018/05/05,2018/07/01
「幸福食光─新住民姊妹的酸甜人生」社區攝影展巡迴,,2018/05/01,2018/08/01
凡妮莎的夜生活,,2018/06/16,2018/07/01
《聯汐夢想》2018汐止區公立各級學校師生聯展,,2018/05/04,2018/06/28
宜蘭多樣 多young宜蘭特展,(中華民國)烏石港環境教育中心,2018/01/01,2018/12/31
漫畫特展─漫畫小鋼彈─（館藏特色系列）,(中華民國)陳聰;(中華民國)陳信和;(中華民國)許智嬡,2018/05/01,2018/06/30
兒童主題書展︰媽咪寶貝愛閱讀   ,(中華民國)高雄市立圖書館寶珠分館,2018/05/01,2018/06/30
「臺灣當代抽象藝術展   首部曲─隱藏的視界」,(中華民國)王為河;(中華民國)柯應平;(中華民國)高其偉;(中華民國)吳熙吉;(中華民國)張富峻;(中華民國)黃秋月;(中華民國)柯適中;(中華民國)許世芳,2018/05/05,2018/06/30
藝術亮點：Kerkerland顧珮仙插畫個展日出,(中華民國)顧珮仙,2018/04/01,2018/06/30
公車上下臺中風景攝影展,(中華民國)臺中市立圖書館石岡分館,2018/06/01,2018/07/03
自在悠閒狗然不凡-慈影書畫會聯展,(中華民國)慈影書畫會,2018/04/04,2018/07/04
尋。淨-黃世昌，陳怡穎，簡維宏膠彩畫創作聯展,(中華民國)黃世昌;(中華民國)陳怡穎;(中華民國)簡維宏,2018/04/25,2018/07/04
梁育瑄-油畫創作展,財團法人金車文教基金會,2018/05/05,2018/07/01
黃政耀–壓克力創作展,金車文藝中心承德館,2018/05/12,2018/07/08
梁育瑄-油畫創作展,,2018/05/05,2018/07/02
祖靈之眼˙藝想宏觀－臺灣原住民編織發展協會聯展,(中華民國)臺灣原住民編織發展協會,2018/04/25,2018/07/18
2018-19「生命之樹」國際工藝交流展,(不分國籍)國立臺灣工藝研究發展中心,2018/05/04,2018/08/19
林文彬 陳世傑藝術雙個展,(中華民國)林文彬;(中華民國)陳世傑,2018/04/26,2018/07/29
梓軒蘭馨-黃紗榮木雕50年展,臺北當代工藝設計分館 余小姐,2018/05/12,2018/07/01
《聯汐夢想》2018 汐止區公立各級學校師生聯展,(中華民國)北峰國小;(中華民國)北港國小;(中華民國)白雲國小;(中華民國)汐止國小;(中華民國)汐止國中;(中華民國)金龍國小;(中華民國)崇德國小;(中華民國)樟樹國小;(中華民國)樟樹實中;(中華民國)秀峰高中;(中華民國)秀峰國小;(中華民國)保長國小;(中華民國)長安國小;(中華民國)冬山國小;(中華民國)青山國中小,2018/05/04,2018/06/27
墨彩濟揚--中華藝文交流展,(中華民國)中華文化藝術交流協會;(中國)山東藝術學院畫院,2018/06/05,2018/06/28
活祭-高媛顛覆人體肖像展,(中華民國)高媛,2018/05/06,2018/07/01
親職教育書展,(中華民國)臺中市立圖書館外埔分館,2018/04/01,2018/06/30
邱亞才-臉書,豐藝館,2018/04/21,2018/07/15
VR新科技!體驗當鳥的感覺! 刷悠遊卡，即可嗨飛鳳凰谷鳥園!,,2018/04/26,2018/10/31
「2018世界閱讀日&閱讀˙最給力」線上主題書展,國立臺灣圖書館,2018/06/22,2018/09/30
五分二十四秒－淡江高中第24屆美術班班展,(中華民國)淡江高中第24屆美術班,2018/05/18,2018/07/29
淡金生態之旅(5-6月),(中華民國)新北市立淡水古蹟博物館,2018/05/01,2018/06/26
【藝猶未盡 美畫人生】黃榮華、陳怡樺 -2018苗北側廊展系列09,(中華民國)黃榮華;(中華民國)陳怡樺,2018/06/20,2018/07/08
有生命力的鐵線,(中華民國)黃明威,2018/06/23,2018/07/15
玩家模型展,(中華民國)玩家模型展策劃組,2018/07/05,2018/08/26
【Amazing Hanzi倉頡傻了】邱德宏漢字就是狂2018個展,(中華民國)邱德宏,2018/08/11,2018/09/04
「跨視域」典藏新貌展,(中華民國)花蓮縣文化局,2018/01/01,2018/12/31
謝承修-細密插畫個展,,2018/05/14,2018/06/29
藺鄉-藺草編織工藝特展,(中華民國)台灣藺草學會,2018/04/29,2018/07/07
篠山紀信展 寫真力 THE PEOPLE by KISHIN,,2018/06/23,2018/09/02
雅逸寫實新銳展,,2018/06/22,2018/07/30
科技松Techathon—故宮╳交大新媒體藝術展,(中華民國)國立故宮博物院,2018/06/12,2018/07/31
臉書,(中華民國)邱亞才,2018/04/21,2018/07/15
你好！我的小屋,(中華民國)劉冠宏;(中華民國)唐唐;(中華民國)許家彰;(中華民國)無獨有偶;(中華民國)姜樂靜;(中華民國)金克杰,2018/04/28,2018/12/31
《建築四書》古書特展,(中華民國)臺中市立圖書館西屯溪西分館,2018/04/22,2018/07/22
職人速寫_黃景政_蕭欣智_黎忠榮-三人聯展,,2018/07/02,2018/08/05
市民畫廊 角落的秘密花園— 郭昭吟個展,(中華民國)郭昭吟,2018/05/05,2018/07/06
拾光漫步--油畫六人展,(中華民國)陳數靜;(中華民國)賴雙鳳;(中華民國)倪婉君;(中華民國)黃玉桂;(中華民國)張曉慶;(中華民國)胡淑滿,2018/06/01,2018/06/29
蔣智南《光之信仰》水彩創作臺灣首個展,,2018/06/23,2018/07/13
跨界．美學 臺灣當代首飾展,伊丹市立工藝中心、國立臺灣工藝研究發展中心,2018/04/14,2018/09/09
東意。西形-廖本生繪畫創作展,(中華民國)廖本生,2018/04/02,2018/06/29
人形之美-溫美紅黏土創作師生聯展,(中華民國)溫美紅,2018/04/11,2018/06/27
「來作客」特展,(美國)塔莎.杜朵;(中華民國)愛倫公主;(中華民國)陳漢武;(中華民國)高蓮秀;(中華民國)何依倫,2018/06/30,2018/09/30
「紅外線的異想世界」攝影創作展 ,(中華民國)鍾和太;(中華民國)宋永州;(中華民國)李淑娟,2018/05/01,2018/12/28
「神界．人間：臺史博館藏神像特展」大師導覽（3場次）,(中華民國)陳啟村,2018/07/14,2018/07/14
金光再現百草翁-光興閣掌中劇團特展,(中華民國)光興閣掌中劇團,2018/05/04,2018/06/27
「多元文化」主題書展,(中華民國)南投縣政府文化局圖書館,2018/05/02,2018/06/30
玩陶-化泥土為藝術-邱玲瑾陶藝個展（員榮醫院一樓藝術廊道）,(中華民國)邱玲瑾,2018/05/01,2018/07/31
跨視域典藏新貌展,(中華民國)花蓮縣文化局,2018/01/01,2018/12/31
程子瑜師生快速素人油畫聯展,(中華民國)程子瑜師生,2018/05/02,2018/06/29
「神界．人間：臺史博館藏神像特展」策展人導覽 第2場,(中華民國)國立臺灣歷史博物館,2018/08/18,2018/08/18
「神界．人間：臺史博館藏神像特展」實地踏查：神像工藝老店巡禮（4場次）,(中華民國)鄭道聰,2018/07/07,2018/08/11
經典交疊－藝與技的碰撞．不朽經典石版畫,,2018/05/16,2018/07/22
悄聲騷動QuietRiot,,2018/05/12,2018/07/16
【情、意。】-2018顏國榮油畫個展,,2018/06/20,2018/07/13
主題書展-歷史人文：桃園史地,(中華民國)桃園市立圖書館中路分館,2018/06/01,2018/06/27
25°00’26.5”N      121°44’55.4”E,(中華民國)陳宇如,2018/01/01,2018/08/31
 巫登益368畫展,(中華民國) 巫登益,2018/06/02,2018/09/28
陳自強攝影展,(中華民國)陳自強,2018/01/01,2018/12/31
金門縣書法家聯展,(中華民國)金門縣書法家,2018/01/01,2018/12/31
吳鼎仁水墨展（地點：阡湖餐廳）,(中華民國)吳鼎仁,2018/01/01,2018/12/31
唐敏達收藏展（地點：好口味餐廳）,(中華民國)唐敏達,2018/01/01,2018/12/31
李苡甄畫展,(中華民國)李苡甄,2018/01/01,2018/12/31
2019OpenCall｜MoNTUE作夢計畫徵件中!,,2018/05/03,2018/08/01
「臺灣記憶：跨世代的校園記憶」於本館5樓展出，歡迎入館參觀,國家圖書館,2018/06/22,2018/08/04
「春天畫展」用愛溝通！,國家圖書館,2018/06/22,2018/07/28
【新北市立圖書館總館】6月主題書展：武林盟主,(中華民國)新北市立圖書館總館,2018/06/01,2018/06/30
「遇見不一樣的美好」連富玉公益油畫創作個展,(中華民國)連富玉,2018/06/09,2018/08/06
村野．歲月  賴仲愷創作個展,(中華民國)賴仲愷,2018/05/11,2018/06/29
黃明珠．陳瑞和─詩書畫創作聯展,(中華民國)黃明珠;(中華民國)陳瑞和,2018/06/02,2018/07/04
玉山園區生態攝影展,(中華民國)內政部營建署玉山國家公園管理處,2018/04/01,2018/06/30
虛空•禁錮-吳熙吉個展,,2018/06/02,2018/07/02
南方以南-南迴藝術計畫,,2018/05/26,2018/09/02
偶的異想世界偶戲台前幕後特展,,2018/05/20,2018/09/03
彼默之間─楊桃派阿波羅新銳藝術家助長計畫,,2018/05/26,2018/07/01
2018社區藝術巡迴展~生活速寫,,2018/05/30,2018/11/28
【新北市立圖書館新莊中港分館】107年08月性別平等面面觀海報展,(中華民國)本活動無實體展演者,2018/08/01,2018/08/31
【新北市立圖書館新莊中港分館】107年08月「傳統藝術」館藏特色主題書展,(中華民國)新北市立圖書館新莊中港分館,2018/08/01,2018/08/31
【新北市立圖書館新莊分館】107年08月「室內設計」館藏特色主題書展 ,(中華民國)新北市立圖書館新莊分館,2018/08/01,2018/08/31
【新北市立圖書館新莊福營分館】107年08月「有機產業」館藏特色主題書展,(中華民國)新北市立圖書館新莊福營分館,2018/08/01,2018/08/31
【新北市立圖書館新莊裕民分館】107年08月「寵物」館藏特色主題書展,(中華民國)新北市立圖書館新莊裕民分館,2018/08/01,2018/08/31
【新北市立圖書館新莊裕民分館】107年08月多元文化主題書展,(中華民國)新北市立圖書館新莊裕民分館,2018/08/01,2018/08/31
【新北市立圖書館新莊西盛分館】107年08月原住民主題書展 ,(中華民國)新北市立圖書館新莊西盛分館,2018/08/01,2018/08/31
2018幸福新北．藝遊樹林系列展覽~7月份主題「水．色藝術展~樹林社區大學」 ,(中華民國)樹林社區大學,2018/07/01,2018/07/28
2018幸福新北．藝遊樹林系列展覽~8月份主題「與植物對話~魏金蕊陶藝創作展」,(中華民國)魏金蕊,2018/08/01,2018/08/29
主題書展：「親子溝通不NG」,(中華民國)高雄市立圖書館林園二館,2018/05/01,2018/06/30
主題書展：「媽媽我愛您」,(中華民國)高雄市立圖書館林園分館,2018/05/01,2018/06/30
【新北市立圖書館新店分館】藝文展:「看見」葉世仁西畫個展,(中華民國)葉世仁,2018/05/26,2018/07/01
【新北市立圖書館貢寮分館】6月主題書展: 親子教養策略,(中華民國)新北市立圖書館貢寮分館,2018/06/01,2018/06/30
【新北市立圖書館貢寮分館】6月主題書展: 香草植物這樣玩,(中華民國)新北市立圖書館貢寮分館,2018/06/01,2018/06/30
2018幸福新北．藝遊樹林系列展覽~10月份主題「東西輝映~新北市樹林美術協會國西畫聯展」,(中華民國)新北市樹林美術協會,2018/10/01,2018/10/29
邵立達個展-運轉手的愛與分享,(中華民國)鐵男株式會社,2018/05/10,2018/07/18
中和地政「107年5-8月藝文展覽」,(中華民國)阮秀玲,2018/05/08,2018/08/30
【新北市立圖書館平溪分館】107年6月主題書展「家庭教養」,(中華民國)新北市立圖書館平溪分館,2018/06/01,2018/06/30
曦軒師生書道作品展,,2018/06/01,2018/09/01
石獅百態~吳德和雕塑創作展,,2018/06/16,2018/07/01
無礙繆絲：時空藝術觀念展演,,2018/06/02,2018/06/28
版．蘊－林宜炫個展,,2018/06/29,2018/08/06
『鏡頭下觸動的靈魂』鄧南光，鄧翔父子攝影聯展,,2018/06/16,2018/06/29
「」──107級藝術組畢業展演,,2018/06/21,2018/07/04
若水藏館極致風華青瓷典藏展,,2018/06/01,2018/07/01
人生風景-陳炳堅、林穗慈油畫聯展,,2018/06/23,2018/07/30
島嶼的曾在─雪克個展,,2018/06/09,2018/08/06
【新北市立圖書館新莊中港分館】107年09月性別平等面面觀海報展,(中華民國)本活動無實體展演者,2018/09/01,2018/09/30
【新北市立圖書館新莊聯合分館】107年12月「生活保健」館藏特色主題書展,(中華民國)新北市立圖書館新莊聯合分館,2018/12/01,2018/12/31
【新北市立圖書館新莊福營分館】107年09月「有機產業」館藏特色主題書展,(中華民國)新北市立圖書館新莊福營分館,2018/09/01,2018/09/30
【新北市立圖書館新莊福營分館】107年10月「有機產業」館藏特色主題書展,(中華民國)新北市立圖書館新莊福營分館,2018/10/01,2018/10/31
【新北市立圖書館新莊福營分館】107年11月「有機產業」館藏特色主題書展,(中華民國)新北市立圖書館新莊福營分館,2018/11/01,2018/11/30
【新北市立圖書館新莊福營分館】107年08月「閱讀起步走」嬰幼兒主題書展,(中華民國)新北市立圖書館新莊福營分館,2018/08/01,2018/08/31
【新北市立圖書館新莊裕民分館】107年09月「寵物」館藏特色主題書展,(中華民國)新北市立圖書館新莊裕民分館,2018/09/01,2018/09/30
【新北市立圖書館新莊西盛分館】107年08月「占卜面相」館藏特色主題書展,(中華民國)新北市立圖書館新莊西盛分館,2018/08/01,2018/08/31
【新北市立圖書館中和分館】OPEN！兒童閱覽室(8月份),(中華民國)新北市立圖書館中和分館,2018/08/01,2018/08/31
【新北市立圖書館中和分館】OPEN！兒童閱覽室(9月份),(中華民國)新北市立圖書館中和分館,2018/09/01,2018/09/30
【新北市立圖書館中和分館】OPEN！兒童閱覽室(10月份),(中華民國)新北市立圖書館中和分館,2018/10/01,2018/10/31
天香茄楠—香玩文化特展,(中華民國)國立故宮博物院,2018/05/25,2018/12/31
2018幸福新北．藝遊樹林系列展覽~9月份主題「2018藝文一夏兒童夏令營成果展」,(中華民國)樹林區學童,2018/09/01,2018/09/26
流光溢彩 —文化尋根 創價藝文典藏系列展,(中華民國)陳澄波;(中華民國)何德來;(中華民國)張萬傳;(中華民國)鄭世璠;(中華民國)劉煜;(中華民國)吳承硯;(中華民國)蔣瑞坑;(中華民國)賴傳鑑;(中華民國)郭東榮;(中華民國)張炳堂;(中華民國)何肇衢;(中華民國)陳銀輝;(中華民國)陳景容;(中華民國)吳隆榮;(中華民國)陳正雄;(中華民國)陳瑞福;(中華民國)林智信;(中華民國)廖修平;(中華民國)李錫奇;(中華民國)潘朝森;(中華民國)劉耿一;(中華民國)吳炫三;(中華民國)顧重光,2018/05/16,2018/09/01
「逐夢而居」韓湘寧創作展 Pursuing His Dreams - The Works of Han Hsiang-Ning,(中華民國)韓湘寧,2018/05/16,2018/09/01
【新北市立圖書館八里分館】6月主題書展-生活學習書展,(中華民國)週二至週六08:30~21:00， 週日至週一08:30~17:00。 國定假日級每月最後一個星期四為清館日不對外開放。,2018/06/01,2018/06/30
【新北市立圖書館萬里分館】6月主題書展-攝影書展,(中華民國)新北市立圖書館萬里分館,2018/06/16,2018/06/30
【新北市立圖書館蘆洲長安分館】107年06月 主題書展「英式調茶－拼配藝術」,(中華民國)新北市立圖書館蘆洲長安分館,2018/06/01,2018/06/30
【新北市立圖書館蘆洲長安分館】107年06月　特別書展：「兩性平等－男女大不同」,(中華民國)新北市立圖書館蘆洲長安分館,2018/06/01,2018/06/30
【新北市立圖書館蘆洲永平分館】107年06月　「夏日旅遊之閱」主題書展,(中華民國)新北市立圖書館蘆洲永平分館,2018/06/01,2018/06/30
【新北市立圖書館蘆洲永平分館】107年05月　樂齡主題書展－「當我們老在一起」,(中華民國)新北市立圖書館蘆洲永平分館,2018/06/01,2018/06/30
【新北市立圖書館蘆洲永安圖書閱覽室】107年06月 主題書展「英式調茶－拼配藝術」,(中華民國)新北市立圖書館蘆洲永安圖書閱覽室,2018/06/01,2018/06/30
【新北市立圖書館金山分館】6月主題書展-翻轉設計,(中華民國)新北市立圖書館金山分館,2018/06/16,2018/06/30
【新北市立圖書館石門分館】6月主題書展-「輕鬆面對青春期」青少年主題書展,(中華民國)新北市立圖書館石門分館,2018/06/16,2018/06/30
【新北市立圖書館三芝分館】6月主題書展-江湖文學史,(中華民國)新北市立圖書館三芝分館,2018/06/16,2018/06/30
春之母愛油畫展,(中華民國)許玉鳳、郭麗燕,2018/05/01,2018/08/31
一代竹編大師～吳聖宗竹編回顧展,(中華民國)吳聖宗,2018/05/12,2018/07/25
逐夢而居—韓湘寧創作展,,2018/05/16,2018/09/02
MasterpieceRoom黨若洪-帽子•馬靴•條紋褲–旅行三件,,2018/05/11,2018/07/09
未來劇場,,2018/05/11,2018/07/09
搏擊俱樂部—悍圖20年,,2018/05/11,2018/07/09
「筑夢故事·花現幸福」趙以筑個展2018,,2018/06/16,2018/06/30
東方之外。DougReynolds雷道格陶藝個展,,2018/06/23,2018/07/13
南方以南-南迴藝術計畫,(中華民國)山冶文化有限公司,2018/05/26,2018/09/01
石獅百態 ~ 吳德和雕塑創作展,(中華民國)吳德和,2018/06/16,2018/06/30
小女人愛畫話─薛沛羢個展,(中華民國)薛沛羢,2018/05/14,2018/06/30
墨塘天光—戴武光水墨典藏展,(中華民國)戴武光,2018/05/16,2018/09/01
紙說：中興造紙故事,(中華民國)中興文化創意園區,2018/01/01,2018/12/31
【新北市立圖書館板橋分館】107年6月「性別平等」主題書展,(中華民國)新北市立圖書館板橋分館,2018/06/01,2018/06/30
【新北市立圖書館板橋分館】107年6月「魯蛇-失敗學」主題書展,(中華民國)新北市立圖書館板橋分館,2018/06/01,2018/06/30
【新北市立圖書館板橋國光圖書閱覽室】107年6月「經濟輕鬆學」主題書展,(中華民國)新北市立圖書館板橋國光圖書閱覽室,2018/06/01,2018/06/30
沈欽銘八十歲油畫創作展,,2018/07/06,2018/07/17
生活。木作 形象推廣展,國立臺灣工藝研究發展中心 美學推廣組,2018/05/08,2018/07/01
2018數位藝術策展案「薛西弗斯 Ver. 20.18」,,2018/05/19,2018/08/19
【新北市立圖書館新莊中港分館】107年09月「傳統藝術」館藏特色主題書展,(中華民國)新北市立圖書館新莊中港分館,2018/09/01,2018/09/30
【新北市立圖書館新莊分館】107年09月「室內設計」館藏特色主題書展 ,(中華民國)新北市立圖書館新莊分館,2018/09/01,2018/09/30
【新北市立圖書館新莊分館】107年10月「室內設計」館藏特色主題書展 ,(中華民國)新北市立圖書館新莊分館,2018/10/01,2018/10/31
【新北市立圖書館新莊聯合分館】107年08月「生活保健」館藏特色主題書展,(中華民國)新北市立圖書館新莊聯合分館,2018/08/01,2018/08/31
【新北市立圖書館新莊聯合分館】107年09月「生活保健」館藏特色主題書展,(中華民國)新北市立圖書館新莊聯合分館,2018/09/01,2018/09/30
【新北市立圖書館新莊聯合分館】107年10月「生活保健」館藏特色主題書展,(中華民國)新北市立圖書館新莊聯合分館,2018/10/01,2018/10/31
【新北市立圖書館新莊福營分館】107年09月「閱讀起步走」嬰幼兒主題書展,(中華民國)新北市立圖書館新莊福營分館,2018/09/01,2018/09/30
【新北市立圖書館新莊裕民分館】107年10月「寵物」館藏特色主題書展,(中華民國)新北市立圖書館新莊裕民分館,2018/10/01,2018/10/31
【新北市立圖書館新莊裕民分館】107年09月多元文化主題書展,(中華民國)新北市立圖書館新莊裕民分館,2018/09/01,2018/09/30
【新北市立圖書館新莊西盛分館】107年09月「占卜面相」館藏特色主題書展,(中華民國)新北市立圖書館新莊西盛分館,2018/09/01,2018/09/30
【新北市立圖書館新莊西盛分館】107年10月「占卜面相」館藏特色主題書展,(中華民國)新北市立圖書館新莊西盛分館,2018/10/01,2018/10/31
【新北市立圖書館新莊西盛分館】107年09月原住民主題書展 ,(中華民國)新北市立圖書館新莊西盛分館,2018/09/01,2018/09/30
《光凝彩意》,(中華民國)劉俠男,2018/05/22,2018/07/12
見城館特展,(中華民國)高雄市立歷史博物館,2018/03/03,2018/12/31
鑑古知今—傅申學藝路,(中華民國)傅申,2018/05/16,2018/09/01
捨不得讓你走【再也不會有的LINO TAGLIAPIETRA】威尼斯玻璃之神 亞洲巡迴展 最後一站 台中,(義大利)Lino Tagliapietra,2018/05/05,2018/07/15
蔣勳 · 美學 ·  創作教育：1983大度山聯展,(中華民國)李貞慧;(中華民國)曾永玲;(中華民國)陳偉毅;(中華民國)魯漢平;(中華民國)連明仁;(中華民國)林季鋒;(中華民國)林麗玲;(中華民國)魏禎宏;(中華民國)陳念慈;(中華民國)王怡然;(中華民國)林瓊瑛;(中華民國)許志強;(中華民國)董承濂;(中華民國)黨若洪;(中華民國)蔡舜任,2018/03/30,2018/09/23
「喜閱大安自然生態之美」-公共圖書館亮點櫥窗展 ,(中華民國)國立公共資訊圖書館,2018/04/11,2018/07/09
2018金門迎城隍－舞將II楊肅偉泥塑神將工藝展,(中華民國)楊肅偉,2018/04/28,2018/06/26
生活工藝聯展,(中華民國)築好玩藝,2018/06/01,2018/07/01
三義木雕薪傳展系列二十二,(中華民國)三義木雕博物館,2018/06/26,2018/09/24
臺灣盆收藏展,(中華民國)大地原創有限公司,2018/09/01,2018/09/12
吳秀麗油畫展,(中華民國)吳秀麗,2018/10/06,2018/10/21
於黑暗中綻放的…個展,(中華民國)盛正德,2018/11/03,2018/11/13
創價文化藝術系列：逸韻啟天縱－張克齊彩墨世界,(中華民國)張克齊,2018/05/16,2018/09/01
鄭成功文物館常設展,(中華民國)鄭成功文物館,2018/04/29,2018/12/31
［2018臺南國際攝影節 TiFF］焦點攝影家許淵富攝影展,(中華民國)許淵富,2018/04/20,2018/12/31
夏之艷~2018愛畫畫會聯展,,2018/06/08,2018/07/08
臺南市美術學會 春華秋實會員聯展,,2018/06/15,2018/07/01
前衛的先行者—莊世和戰後作品精選展,台灣創價學會至善藝文中心,2018/05/16,2018/09/01
「遊藝思─青年藝術家聯展」,現代畫廊,2018/06/16,2018/07/31
流光溢彩－文化尋根創價藝文典藏系列展,,2018/05/16,2018/09/02
屏東縣海藍畫會 藝鄉情懷聯展,,2018/08/07,2018/08/07
沃土的記憶—駱香林影詩,(中華民國)駱香林,2018/05/16,2018/09/01
「藝場油戲」林賢郎油畫創作個展,(中華民國)林賢郎,2018/05/08,2018/08/31
佳墨遊蹤--康佳雯畫展,(中華民國)康佳雯,2018/06/27,2018/07/15
2018九九書會聯展,(中華民國)九九書會,2018/06/27,2018/07/15
【新北市立圖書館板橋四維分館】107年6月「Let's go 一起出發做手作吧!」主題書展,(中華民國)新北市立圖書館板橋四維分館,2018/06/01,2018/06/30
潛在流向INNER　DIRECTION－卓俊佑2018創作展,(中華民國)卓俊佑,2018/06/06,2018/07/01
【新北市立圖書館八里分館】7月主題書展-大聲說不,(中華民國)新北市立圖書館八里分館,2018/07/01,2018/07/31
【新北市立圖書館八里分館】7月主題書展-投資理財一把罩,(中華民國)新北市立圖書館八里分館,2018/07/01,2018/07/31
【新北市立圖書館雙溪分館】6月書展: 端午節書展,(中華民國)新北市立圖書館雙溪分館,2018/06/01,2018/06/30
"107年秀林鄉藝文特色工藝展~~Tminun,手的溫度！",(中華民國)宋美枝等,2018/05/12,2018/09/16
蕭壠兒童美術館2018年特展「色彩實驗室」,(中華民國)蕭壠文化園區,2018/02/16,2018/10/28
【1839當代藝廊】印樣攝影│伊藤義彥 個展,1839當代藝廊,2018/05/26,2018/07/08
不知輕重－鄉土生活展示館秤量工具微型展,,2018/05/16,2018/08/16
夏之艷~2018愛畫畫會聯展,(中華民國)愛畫畫會,2018/06/08,2018/07/08
2018臺灣省中國書畫學會會員集大成聯展,(中華民國)臺灣省中國書畫學會,2018/06/01,2018/07/01
黃晴椏西畫個展,(中華民國)黃晴椏,2018/06/16,2018/07/15
蕭壠文化園區「近未來的交陪：藝陣×當代設計展」常設展,(中華民國)何佳興;(中華民國)羅文岑;(中華民國)胡一之;(中華民國)陳依純,2018/01/03,2018/12/30
2018言論自由日特展─噤聲的日常,國家人權博物館,2018/04/02,2018/12/16
「原」音重現：原住民文學與轉型正義特展,國家人權博物館,2018/05/13,2018/11/30
零城─馬可．卡薩格蘭：邁向第三代城市,忠泰美術館,2018/04/21,2018/08/05
「原」音重現：原住民族文學轉型正義特展,國家人權博物館,2018/05/18,2018/11/30
駐館藝術家展覽《活祭-高媛顛覆人體肖像展》,(中華民國)高媛,2018/05/05,2018/07/01
2018新北市畢業祭《青春分號；不句號。》天主教輔仁大學應用美術系「第15屆碩士研究創作聯展－Bõ！」,(中華民國)天主教輔仁大學應用美術系,2018/06/23,2018/07/04
【新北市立圖書館瑞芳分館】107年6月主題書展-「幸福心閱讀」,(中華民國)新北市立圖書館瑞芳分館,2018/06/01,2018/06/30
第16屆威尼斯建築雙年展臺灣館《活在宜蘭：連結山海水土》,,2018/05/24,2018/11/25
【新北市立圖書館新莊中港分館】107年10月性別平等面面觀海報展,(中華民國)本活動無實體展演者,2018/10/01,2018/10/31
【新北市立圖書館新莊中港分館】107年10月「傳統藝術」館藏特色主題書展,(中華民國)新北市立圖書館新莊中港分館,2018/10/01,2018/10/31
「國家文官學院 經典好書共讀」 主題書展,(中華民國)高雄市立圖書館總館,2018/05/29,2018/07/29
【新北市立圖書館新莊福營分館】107年10月「閱讀起步走」嬰幼兒主題書展,(中華民國)新北市立圖書館新莊福營分館,2018/10/01,2018/10/31
【新北市立圖書館新莊裕民分館】107年10月多元文化主題書展,(中華民國)新北市立圖書館新莊裕民分館,2018/10/01,2018/10/31
【新北市立圖書館新莊西盛分館】107年10月原住民主題書展 ,(中華民國)新北市立圖書館新莊西盛分館,2018/10/01,2018/10/31
島的呢喃─當代台灣長篇小說展,(中華民國)高雄市立圖書館總館,2018/05/29,2018/09/02
傾城之戀 Love in the Fallen City,(中華民國)沃沃美學,2018/05/10,2018/07/29
東南亞文化專區書展,(中華民國)高雄市立圖書館陽明分館,2018/05/01,2018/12/30
永續島〜3R好生活,(中華民國)李泳宗;(中華民國)胡庭碩,2018/06/06,2018/07/01
2018新北市畢業祭《青春分號；不句號。》國立臺灣藝術大學書畫藝術碩士班「郭懿嫺、李依恬碩士研究創作雙個展—欲+」,(中華民國)郭懿嫺;(中華民國)李依恬,2018/07/07,2018/07/18
【新北市立圖書館土城分館】「世界好好玩」主題書展,(中華民國)新北市立圖書館土城分館,2018/06/01,2018/06/30
【新北市立圖書館土城清水圖書閱覽室】「世界好好玩」主題書展,(中華民國)新北市立圖書館土城清水圖書閱覽室,2018/06/01,2018/06/30
【新北市立圖書館土城柑林埤圖書閱覽室】「世界好好玩」主題書展,(中華民國)新北市立圖書館土城柑林埤圖書閱覽室,2018/06/01,2018/06/30
【新北市立圖書館板橋忠孝分館】「世界好好玩」主題書展,(中華民國)新北市立圖書館板橋忠孝分館,2018/06/01,2018/06/30
【新北市立圖書館浮洲圖書閱覽室】「世界好好玩」主題書展,(中華民國)新北市立圖書館浮洲圖書閱覽室,2018/06/01,2018/06/30
【新北市立圖書館新莊中港分館】107年06月主題書展─跟著夏天腳步去旅行,(中華民國)新北市立圖書館新莊中港分館,2018/06/01,2018/06/30
【新北市立圖書館新莊裕民分館】107年06月主題書展─健康～動次動,(中華民國)新北市立圖書館新莊裕民分館,2018/06/01,2018/06/30
【新北市立圖書館新莊西盛分館】107年06月主題書展─室內設計,(中華民國)新北市立圖書館新莊西盛分館,2018/06/01,2018/06/30
【新北市立圖書館新莊聯合分館】107年06月主題書展─健康美麗,(中華民國)新北市立圖書館新莊聯合分館,2018/06/01,2018/06/30
【新北市立圖書館新莊福營分館】107年06月主題書展─嬰兒副食品＆兒童食品 ,(中華民國)新北市立圖書館新莊福營分館,2018/06/01,2018/06/30
【新北市立圖書館新莊分館】107年06月主題書展─四季花草輕鬆種,(中華民國)新北市立圖書館新莊分館,2018/06/01,2018/06/30
聯汐夢想–讓學生用藝術行動改造社區新生活,(中華民國)2018汐止區15所公立學校,2018/05/04,2018/06/27
第14屆藝術才能班畢業美展活動實施計畫,(中華民國)中和國中師生,2018/04/16,2018/06/29
生活．木作 形象推廣展,(中華民國)國立臺灣工藝研究發展中心,2018/05/08,2018/07/01
【說故事的人】21天．羊毛氈肖像展,羊毛氈手創館,2018/05/02,2018/12/29
原來如此：原住民族文學轉型正義特展,國立臺灣文學館,2018/05/18,2019/03/10
「環遊世界地球村」 語言學習主題書展,(中華民國)高雄市立圖書館彌陀公園分館,2018/06/01,2018/06/30
美濃分館六月新書展,(中華民國)高雄市立圖書館美濃分館,2018/06/01,2018/06/30
夏日閱讀趣─主題書展,(中華民國)高雄市立圖書館茄萣分館,2018/06/01,2018/06/30
6月主題書『棒球』,(中華民國)高雄市立圖書館右昌分館,2018/06/01,2018/06/30
特色館藏主題書展『魔喵日記』,(中華民國)高雄市立圖書館右昌分館,2018/06/01,2018/06/30
大化衍行—陳庭詩的藝術天地,(中國)陳庭詩,2018/05/16,2018/09/01
書展─文青世代,(中華民國)高雄市立圖書館中崙分館,2018/06/01,2018/06/30
書展─水資源特展︰省水大作戰,(中華民國)高雄市立圖書館中崙分館,2018/06/01,2018/06/30
木森林樂園～MUMU手感木製工坊展,(中華民國)MUMU手感木製工坊,2018/05/14,2018/07/20
新北市立圖書館深坑分館107年7月主題書展-「吃對食物很健康」,(中華民國)新北市立圖書館深坑分館,2018/07/01,2018/07/31
2018第二十屆台北電影節：顯影。破格而出:台北電影節20印記 特展,(中華民國)台北電影節,2018/06/08,2018/09/30
玻光桐樂創作展,(中華民國)陳惠琳;(中華民國)古侑盛,2018/05/22,2018/07/08
讀詩樂,(中華民國)張若虛,2018/05/01,2018/07/29
2018揭開臺灣美術史櫥窗,順益台灣原住民博物館,2018/06/09,2018/08/18
【蘆洲集賢分館藝文中心】107年6月23日至7月12日：「交錯的平行線聯展」,(中華民國)陳佑朋;(中華民國)洪堯順,2018/06/23,2018/07/12
華麗轉身─老靈魂的魅力重生,(中華民國)李冠然;(中華民國)沙布喇‧安德烈(高勝忠);(中華民國)林淑鈴,2018/05/19,2018/07/22
【藝韻之美】油畫暨雕塑展,(中華民國)溫若雅;(中華民國)吳金雲,2018/05/15,2018/08/15
「安靜的符咒」彩畫展,(中華民國)林翠華,2018/06/26,2018/08/31
愚魚的藝饗世界創作展-捻春小集,(中華民國)臺中市立圖書館,2018/04/26,2018/06/30
主題書展「書目療法-情緒紓壓」 ,(中華民國)臺中市立圖書館,2018/05/15,2018/07/01
台北故事館《風姿綽約 旗袍物語》,(中華民國)臺北故事館,2018/04/27,2018/09/02
詩人‧書人‧抄經人：許悔之詩文創作暨手墨展,(中華民國)許悔之,2018/05/05,2018/06/30
107年度政府出版品主題書展：「走進植物的魔力世界」，歡迎踴躍參觀,國立臺灣圖書館,2018/06/22,2018/06/29
國立臺東專科學校附設高職部室內空間設計科第67屆畢業生成果展,,2018/05/26,2018/06/27
葉廷皓：每個人心中都有段被刪,,2018/05/19,2018/07/22
《獵與織》重逢半世紀－泰雅族KLESAN群文物返鄉特展,(中華民國)中央研究院民族學研究所,2018/05/02,2018/07/01
「有什麼好神器」-馬公市百年歷史廟宇文物精選展,(中華民國)本活動無實體展演者,2018/05/26,2018/12/31
2018年古文字當代名家書畫展,(中華民國)臺灣省中國古文字學會,2018/06/16,2018/06/27
重彩墨舞－台灣彩墨工筆畫會聯展,(中華民國)台灣彩墨工筆畫會,2018/06/30,2018/07/11
南天畫會會員聯展,(中華民國)南天畫會,2018/06/30,2018/07/11
「原來如此」原住民族文學轉型正義特展,(中華民國)國立臺灣文學館,2018/05/18,2018/12/30
「原來如此」原住民族文學轉型正義特展,(中華民國)國立臺灣文學館,2019/01/01,2019/03/10
牡丹社事件144週年紀念活動~舊社。記憶/圖像展,(中華民國)屏東縣牡丹鄉公所,2018/05/16,2018/07/30
107年臺中市青溪美展,(中華民國)台中市青溪新文藝學會,2018/06/23,2018/07/04
2018呂南湖數位影像創作展,(中華民國)呂南湖,2018/06/23,2018/07/04
筆墨抒懷．情聚兩岸-海峽兩岸著名書畫家作品展,(中華民國)李轂摩;(中國)楊先讓;(中華民國)徐慶平;(中華民國)江明賢;(中華民國)李宗仁,2018/06/23,2018/07/04
2018陶痴陶展,(中華民國)陶癡雅集,2018/06/23,2018/07/04
[售票]{預告}扭蛋星球特展,,2018/06/23,2018/09/16
《從心所欲》－蔡政維雕塑個展,青雲畫廊,2018/06/09,2018/07/08
詩情潭水深千尺──郭水潭捐贈展,國立臺灣文學館,2018/05/24,2018/11/24
宣亦與紫瑄之怪獸與牠們的產地~2018雙姝的奇幻特展 2018 Double Fantasy Special Exhibition,右岱文創工作室 右岱創藝,2018/05/06,2018/07/06
《蝶衣》2018存仁堂薈萃風雅薄瓷特展,右岱文創工作室 右岱創藝,2018/05/06,2018/07/06
【新北市立圖書館新莊中港分館】107年11月性別平等面面觀海報展,(中華民國)新北市立圖書館新莊中港分館,2018/11/01,2018/11/30
【新北市立圖書館新莊中港分館】107年12月性別平等面面觀海報展,(中華民國)新北市立圖書館新莊中港分館,2018/12/01,2018/12/31
【新北市立圖書館新莊中港分館】107年11月「傳統藝術」館藏特色主題書展,(中華民國)新北市立圖書館新莊中港分館,2018/11/01,2018/11/30
【新北市立圖書館新莊中港分館】107年12月「傳統藝術」館藏特色主題書展,(中華民國)新北市立圖書館新莊中港分館,2018/12/01,2018/12/31
【新北市立圖書館新莊分館】107年11月「室內設計」館藏特色主題書展 ,(中華民國)新北市立圖書館新莊分館,2018/11/01,2018/11/30
【新北市立圖書館新莊分館】107年12月「室內設計」館藏特色主題書展 ,(中華民國)新北市立圖書館新莊分館,2018/12/01,2018/12/31
【新北市立圖書館新莊聯合分館】107年11月「生活保健」館藏特色主題書展,(中華民國)新北市立圖書館新莊聯合分館,2018/11/01,2018/11/30
【新北市立圖書館新莊福營分館】107年12月「有機產業」館藏特色主題書展,(中華民國)新北市立圖書館新莊福營分館,2018/12/01,2018/12/31
【新北市立圖書館新莊福營分館】107年11月「閱讀起步走」嬰幼兒主題書展,(中華民國)新北市立圖書館新莊福營分館,2018/11/01,2018/11/30
【新北市立圖書館新莊福營分館】107年12月「閱讀起步走」嬰幼兒主題書展,(中華民國)新北市立圖書館新莊福營分館,2018/12/01,2018/12/31
【新北市立圖書館新莊裕民分館】107年11月「寵物」館藏特色主題書展,(中華民國)新北市立圖書館新莊裕民分館,2018/11/01,2018/11/30
【新北市立圖書館新莊裕民分館】107年12月「寵物」館藏特色主題書展,(中華民國)新北市立圖書館新莊裕民分館,2018/12/01,2018/12/31
【新北市立圖書館新莊裕民分館】107年11月多元文化主題書展,(中華民國)新北市立圖書館新莊裕民分館,2018/11/01,2018/11/30
【新北市立圖書館新莊裕民分館】107年12月多元文化主題書展,(中華民國)新北市立圖書館新莊裕民分館,2018/12/01,2018/12/31
【新北市立圖書館新莊西盛分館】107年11月「占卜面相」館藏特色主題書展,(中華民國)新北市立圖書館新莊西盛分館,2018/11/01,2018/11/30
【新北市立圖書館新莊西盛分館】107年12月「占卜面相」館藏特色主題書展,(中華民國)新北市立圖書館新莊西盛分館,2018/12/01,2018/12/31
【新北市立圖書館新莊西盛分館】107年11月原住民主題書展 ,(中華民國)新北市立圖書館新莊西盛分館,2018/11/01,2018/11/30
【新北市立圖書館新莊西盛分館】107年12月原住民主題書展 ,(中華民國)新北市立圖書館新莊西盛分館,2018/12/01,2018/12/31
【新北市立圖書館中和分館】OPEN！兒童閱覽室(11月份),(中華民國)新北市立圖書館中和分館,2018/11/01,2018/11/30
【新北市立圖書館中和分館】OPEN！兒童閱覽室(12月份),(中華民國)新北市立圖書館中和分館,2018/12/01,2018/12/31
《Silverpoint Drawing》當代銀針筆藝術家Carol Prusa三度來台個展,(美國)Carol Prusa,2018/05/19,2018/07/07
「致廣大而盡精微」-鄭百重青綠山水個展,(中華民國)鄭百重,2018/05/20,2018/06/30
歸仁文化中心旺福　張永旺迎春戶外裝置藝術展,(中華民國)張永旺,2018/02/01,2018/06/30
林姮惠老師烙畫師生聯展,(中華民國)林姮惠老師烙畫師生,2018/05/01,2018/06/29
楊桂蓮、蘇子溎雙個展,(中華民國)楊桂蓮;(中華民國)蘇子溎,2018/06/15,2018/07/08
「心象意境」陳奕廷個展,(中華民國)陳奕廷,2018/06/15,2018/07/08
AR超有視! 日本幻視藝術世界巡迴展,,2018/06/15,2018/09/09
小公園不思議--陳秋華個展,,2018/07/14,2018/07/28
【可愛就是力量：藝術現象學】藝術銀行主題展,國立臺灣美術館(藝術銀行),2018/05/28,2018/08/17
【說故事的人】21天．羊毛氈肖像展,(中華民國)羊毛氈手創館,2018/05/02,2018/12/31
油畫刮刮樂—2018 歐陽彥興藝術個展,(中華民國)歐陽彥興,2018/06/27,2018/07/09
陳清貴水墨畫展,(中華民國)陳清貴,2018/06/20,2018/06/28
陳瑞福　海,(中華民國)陳瑞福,2018/06/23,2018/07/31
林滿紅 回歸˙ 覺醒 繪畫、雕塑展,(中華民國)林滿紅,2018/06/22,2018/07/04
永恆－林宗賢創作個展,(中華民國)林宗賢,2018/06/26,2018/07/04
6月主題書展︰性別平等主題書展,(中華民國)高雄市立圖書館苓雅分館,2018/06/01,2018/06/30
《雄愛讀冊 幼幼閱讀起步走》主題書展,(中華民國)高雄市立圖書館,2018/05/29,2018/08/26
漾藝廊6月 C8─20/不可言說的曖昧─葉進杰,(中華民國)葉進杰,2018/06/05,2018/06/29
2018蔡瓊書個展--雲山行腳,(中華民國)蔡瓊書,2018/07/02,2018/07/28
【他山】幼黎 個展,(中華民國)幼黎,2018/06/02,2018/07/15
「田園交響曲」戴禎英2018油畫創作展,(中華民國)戴禎英,2018/06/15,2018/07/01
陳再發現代書藝（塗鴉）,(中華民國)陳再發,2018/06/15,2018/07/01
黑橋牌香腸博物館「臺南銀座」特展,(中華民國)黑橋牌香腸博物館,2018/02/01,2018/12/30
台日藝術家春季聯展 生活有藝思,(日本)佐藤公聰;(中華民國)林金田;(中華民國)鐘俊雄,2018/05/10,2018/07/10
金門國際和平海報設計比賽得獎展,(中華民國)金門國際和平海報設計比賽得獎者,2018/08/18,2018/08/30
駐縣藝術家蘇頤涵‧高甄斈畫展,(中華民國)蘇頤涵;(中華民國)高甄斈,2018/06/16,2018/07/03
謝祖銳書藝特展,(中華民國)謝祖銳,2018/06/16,2018/06/28
文脈流長─科舉制度在台灣圖片展,(中華民國)金門縣文化局,2018/06/29,2018/07/01
僑批檔案展,(中華民國)金門縣文化局,2018/06/29,2018/06/30
國軍第51屆文藝金像獎,(中華民國)金門文化園區管理所,2018/05/19,2018/06/30
張永村回顧展,(中華民國)張永村,2018/06/16,2018/07/04
畫魚說魚～侯伯顯油畫個展,(中華民國)侯伯顯,2018/06/16,2018/07/04
無涯－劉美齡個展,(中華民國)劉美齡,2018/06/16,2018/07/04
2018台灣藝術家法國沙龍學會TFA巡迴展,(中華民國)台灣藝術家法國沙龍學會,2018/06/23,2018/07/04
台灣膠彩畫協會第36屆膠彩畫展,(中華民國)台灣膠彩畫協會,2018/06/23,2018/07/04
前衛的先行者—莊世和戰後作品精選展,,2018/05/16,2018/09/02
逸韻啟天縱－張克齊彩墨世界,,2018/05/16,2018/09/02
2018紙上躍躍然•典美插畫大賞—image台灣,,2018/07/16,2018/09/01
《2018年朱銘新作展：人間系列－芭蕾》魅力起舞,,2018/05/26,2019/04/01
「魏海敏她和她們」特展WeiHaimin,,2018/06/29,2018/07/30
《見圖思情—順益台灣原住民博物館典藏繪畫之美》系列特展2018揭開臺灣美術史櫥窗,,2018/06/09,2018/09/10
《SilverpointDrawing》當代銀針筆藝術家CarolPrusa三度來台個展,,2018/05/19,2018/07/08
《從心所欲》－2018蔡政維雕塑個展,,2018/06/09,2018/07/09
部署─朱銘歐洲展覽的推進,,2018/05/26,2019/04/01
2018「AMIS旮亙樂器特展」,國立臺東生活美學館,2018/05/23,2018/09/05
潮─2018高雄市西瀛畫會會員聯展,(中華民國)高雄市西瀛畫會會員,2018/06/29,2018/07/10
大地情懷─名家藝術聯展,(中華民國)李奇茂等人,2018/06/22,2018/07/03
神清智明─蔡明智書畫回顧展,(中華民國)蔡明智,2018/06/29,2018/07/10
老高雄的往日情懷,(中華民國)薛培德,2018/06/22,2018/07/17
繪聚精彩三人聯展,(中華民國)溫瑞和;(中華民國)陳美莉;(中華民國)劉秋華,2018/06/29,2018/07/10
天光 水色蔡蓮梅創作展,(中華民國)蔡蓮梅,2018/08/10,2018/08/21
臺灣藝術研究院2018台灣國展油畫比賽作品展,(中華民國)臺灣藝術研究院,2018/07/20,2018/07/31
屏東縣海藍畫會─藝鄉情懷聯展,(中華民國)屏東縣海藍畫會,2018/07/27,2018/08/07
沈欽銘八十歲油畫創作展,(中華民國)沈欽銘,2018/07/06,2018/07/17
屏東縣美術協會第36屆會員藝術聯展,(中華民國)屏東縣美術協會,2018/07/13,2018/07/24
遊藝思 青年藝術家聯展,(中華民國)現代畫廊,2018/06/16,2018/07/31
第16屆威尼斯國際建築雙年展「時間－空間－存在」施力仁-金鋼犀牛,(中華民國)現代畫廊,2018/05/26,2018/11/25
信樂吹來的風展─台日交流展,"(中華民國)宗叡,王韶華...等",2018/07/21,2018/08/26
2018年星寰畫會會員聯展,(中華民國)星寰畫會會員,2018/07/13,2018/07/24
2018藝術拼布地平線展,(中華民國)臺灣藝術拼布研究會會員,2018/07/27,2018/08/07
繪聲繪影—電影中的西洋藝術史,(中華民國)本活動無實體展演者;(中華民國)桃園市政府藝文設施管理中心,2018/06/06,2018/08/21
《不允許孤獨》林建榮個展,(中華民國)林建榮,2018/06/03,2018/07/06
2018新北市國際金屬工藝大賽成果展,(中華民國)新北市立黃金博物館,2018/06/28,2018/10/28
嘉義市立博物館回顧與展望特展：嘉博You See.See You,(中華民國)嘉義市政府文化局,2018/05/12,2018/09/02
2018嘉義市石猴雕刻徵件競賽得獎作品展,(中華民國)嘉義市政府文化局,2018/06/01,2018/07/29
嘉義市青溪新文藝學會2018會員聯合美展,(中華民國)嘉義市青溪新文藝學會,2018/06/27,2018/07/01
不定性生活誌一廖堉安個展,(中華民國)廖堉安,2018/05/24,2018/06/26
光影東京！360°夢幻視覺系特展,(日本)NAKED,2018/06/30,2018/09/16
｜萬屋砌室｜「看不見的台南風景」攝影展,(中華民國)萬屋砌室,2018/03/23,2018/07/31
快樂FUN暑假-旅遊趣郵票特展,,2018/06/06,2018/08/26
「矽裡乾坤：水晶與琉璃」特展,國立自然科學博物館,2018/06/21,2018/09/29
《西遊，玩什麼？》─臺灣漫畫家陳弘耀精彩回顧,,2018/05/19,2018/07/31
臺灣閱讀公園【仲夏‧閱之樂】：六十七兩采風圖合卷特展,,2018/06/30,2018/07/15
生活‧話當年1950、1960年代國家檔案影像特展,,2018/07/06,2018/09/23
【進行式】黃敏俊2018髮續行為藝術展,,2018/06/08,2018/07/02
怪獸之王哥吉拉特展,,2018/06/30,2018/09/17
洪譽豪：流動的街區,,2018/05/26,2018/07/29
國立臺灣美術館2019數位藝術策展案徵件,,2018/06/01,2018/07/02
美濃色立體—連金珠個展 Color Solid of Mei─Nong —Solo Exhibition by Lian ,(中華民國)連金珠,2018/06/09,2018/08/12
【新北市立圖書館深坑分館】107年7月主題書展-「美食文化」,(中華民國)新北市立圖書館深坑分館,2018/07/01,2018/07/31
境隨心轉-蔡美琴水墨意境,(中華民國)蔡美琴,2018/07/13,2018/08/05
形．色．大地―邱玲瓊油畫創作個展,(中華民國)邱玲瓊,2018/06/22,2018/07/15
臺中市潭子書畫協會會員聯展,(中華民國)潭子書畫協會,2018/06/15,2018/07/08
豐葦之原∙福地心印—黃秋蓉篆刻展,(中華民國)黃秋蓉,2018/06/15,2018/07/15
閱讀大地──伊誕．巴瓦瓦隆的創藝視界,(中華民國)伊誕．巴瓦瓦隆,2018/06/08,2018/07/08
Birth in Fire：夏沂汾的柴燒陶藝,(中華民國)夏沂汾,2018/06/08,2018/07/22
呼喚奇蹟－吳育霈創作個展,(中華民國)吳育霈,2018/06/01,2018/07/08
施工中，請參觀！2018臺灣國際陶藝雙年展,(中華民國)鶯歌陶瓷博物館,2018/06/29,2018/09/02
「墨忘初心」-迎風藝術群多媒材創作展,(中華民國)賀桂英;(中華民國)莊寶竦,2018/06/27,2018/07/11
台中縣葫蘆墩美術研究會暨大安溪流域寫生成果展,(中華民國)台中縣葫蘆墩美術研究會,2018/06/09,2018/07/08
磚美於前：台灣經典馬賽克磁磚展,(中華民國)老屋顏,2018/05/01,2018/07/01
就是愛「線」,(中華民國)臺中市港區藝術中心,2018/06/09,2018/07/08
2018墨采畫會聯展,(中華民國)墨采畫會,2018/06/16,2018/07/15
牛馬頭40年風華2018會員美展,(中華民國)牛馬頭畫會,2018/06/23,2018/07/15
2018臺灣美術新貌獎,(中華民國)臺中市港區藝術中心,2018/06/30,2018/08/26
雲林生畫風展,(中華民國)雲林生楊真祥畫會,2018/07/14,2018/08/05
第19屆臺中市美術沙龍學會美展,(中華民國)臺中市美術沙龍學會,2018/07/14,2018/08/05
第18屆臺灣國際藝術協會2018美展,(中華民國)臺灣國際藝術協會,2018/07/21,2018/08/12
高雄晒日子 SUN TANNING PROJECT,,2018/06/02,2018/09/02
​​​​​​​「濡濕」黃向藝個展,,2018/06/02,2018/07/16
快樂FUN暑假-旅遊趣郵票特展,,2018/06/06,2018/08/27
賴明郎畫展,國立臺灣圖書館,2018/07/04,2018/07/15
記憶的燦耀與幽微─2018蔡睿娟創作回顧展,(中華民國)蔡睿娟,2018/06/20,2018/07/01
玩美攝影棚Studio x Pocky Deco Art,(中華民國)麗禾創意,2018/06/27,2018/09/16
【Hi!在一起的朋友】主題書展,(中華民國)彰化縣文化局,2018/06/01,2018/07/31
【藝術美感心體驗】樂齡主題書展,(中華民國)彰化縣文化局,2018/06/01,2018/07/31
【散文集散地】青少年主題書展,(中華民國)彰化縣文化局,2018/06/01,2018/07/31
樂利第12屆２018捷運藝術節－藝文創作展,(中華民國)樂利國小,2018/07/05,2018/07/26
【新北市立圖書館汐止分館】6月份聯合主題書展「職場必勝課」,(中華民國)新北市立圖書館汐止分館,2018/06/01,2018/06/30
【新北市立圖書館汐止大同分館】6月份聯合主題書展「職場必勝課」,(中華民國)新北市立圖書館汐止大同分館,2018/06/01,2018/06/30
【新北市立圖書館汐止茄苳分館】6月份聯合主題書展「職場必勝課」,(中華民國)新北市立圖書館汐止茄苳分館,2018/06/01,2018/06/30
【新北市立圖書館汐止長安分館】6月份聯合主題書展「職場必勝課」,(中華民國)新北市立圖書館汐止長安分館,2018/06/01,2018/06/30
【新北市立圖書館汐止江北分館】6月份聯合主題書展「職場必勝課」,(中華民國)新北市立圖書館汐止江北分館,2018/06/01,2018/06/30
主題書展─「企業管理」書展,(中華民國)高雄市立圖書館岡山分館,2018/06/01,2018/06/30
【新北市立圖書館汐止江北分館】6月份7-11統一超商(新樟樹門市)館外合作書展,(中華民國)新北市立圖書館汐止江北分館,2018/06/01,2018/06/30
【新北市立圖書館汐止茄苳分館】6月份7-11統一超商(艾科卡門市)館外合作書展,(中華民國)新北市立圖書館汐止茄苳分館,2018/06/01,2018/06/30
【新北市青少年圖書館】5/22-6/30「春鬧二：2018安坑藝術家公益聯展」 ,(中華民國)王青榮;(中華民國)呂素馨;(中華民國)邱美葉;(中華民國)林佳瑀;(中華民國)周忻恩;(中華民國)陳康雄;(中華民國)張靖宜;(中華民國)詹月琴;(中華民國)溫瑞蘭;(中華民國)劉慶河;(中華民國)賴淑君,2018/05/22,2018/06/30
古蹟生態導覽活動(6月),(中華民國)新北市立淡水古蹟博物館,2018/06/01,2018/06/30
藝想世界－時尚形象美學聯展,(中華民國)新北市立淡水古蹟博物館,2018/06/01,2018/08/05
藝日時光：臺藝大藝術工藝創作展,(中華民國)新北市立淡水古蹟博物館,2018/06/22,2018/07/13
顯影。破格而出：台北電影節20印記,,2018/06/08,2018/10/01
【貓頭鷹與瓷版畫】-陳萬富的陶藝創作,,2018/07/14,2018/08/06
松菸啟動計劃展演 無時鐘特區,(中華民國)松山文化創意園區,2018/06/22,2018/07/15
失落的對話－派翠西亞．伊斯塔柯（PatriciaPerezEustaquio）個展,,2018/06/02,2018/07/15
《妖怪祭》台灣·日本博多交流展,,2018/06/09,2018/07/23
一O七年全國美術展,,2018/06/09,2018/08/26
讓我們融在一起~遊戲認證暨融合遊戲展,,2018/07/05,2018/08/27
蘭亭墨韻–高雄市蘭亭書學會會員聯展,(中華民國)高雄市蘭亭書學會會員,2018/06/22,2018/07/03
「打開畫匣子－美術在高雄」甲子風華－王登清的禪心詩境,(中華民國)王登清,2018/06/20,2018/07/01
《妖怪祭》台灣‧日本博多交流展,(日本)三浦隆 Takashi Miura;(日本)梶原正二 Shoji Kajiwara;(日本)華仙 Kasen;(日本)永野繁大 Shigehiro Nagano;(中華民國)河野正明 Masaaki Kouno;(中華民國)井上祐希 Yuki Inoue;(中華民國)夏愛華 Aihua Hsia;(中華民國)康雅筑 a-Chu Kang;(中華民國)曾上杰 Shang-Jie Tseng;(中華民國)黃景濬 JingJun Huang,2018/06/09,2018/07/22
日日器／生活的輪廓 The Shape of Taiwanese Living,(中華民國)松山文化創意園區,2018/04/03,2018/08/05
「小食光」食文創特展 Bon appétit!,(中華民國)文創PLUS－臺南創意中心,2018/05/31,2018/07/01
新竹商號－竹塹記憶：早之市,(中華民國)蚯蚓整合文化有限公司,2018/05/26,2018/06/26
篠山紀信展 寫真力,(日本)篠山紀信,2018/06/23,2018/09/28
滾動的移工詩情-攝影展,(中華民國)康原、郭澄芳,2018/06/12,2018/06/30
轉角遇見花緣Flowers＆Fate-盧雪華CindyLu彩墨畫個展,,2018/07/01,2018/07/30
「誰說歷史一定很嚴肅？」 歷史普及主題書展,(中華民國)高雄市立圖書館彌陀公園分館,2018/07/01,2018/07/31
美濃分館七月新書展,(中華民國)高雄市立圖書館美濃分館,2018/07/01,2018/07/31
書展：動物觀察與推理相關相關主題書展,(中華民國)高雄市立圖書館岡山文化中心分館,2018/06/26,2018/06/30
 皺折語境—李元程陶藝創作展Contexts of Wrinkles – Ceramic Art by Lee Yuan-cheng,(中華民國)李元程,2018/06/09,2018/08/12
書展─親子旅行趣,(中華民國)高雄市立圖書館中崙分館,2018/07/01,2018/07/31
書展：​上帝的建築師_高第作品裡的秘密相關主題書展,(中華民國)高雄市立圖書館岡山文化中心分館,2018/07/03,2018/07/10
動手種蔬菜─主題書展,(中華民國)高雄市立圖書館茄萣分館,2018/07/01,2018/07/31
快樂FUN暑假-旅遊趣郵票特展,(中華民國)郵政博物館,2018/06/06,2018/08/26
「跟自己跳舞」張教中的言情雕塑創作個人展,(中華民國)張教中,2018/06/20,2018/07/01
「鏡中自我」吳智鈞個展,(中華民國)吳智鈞,2018/06/20,2018/07/01
「恆亮的星」新竹市身心障礙者社區式日間照顧中心-恆星學坊  學員作品展,(中華民國)新竹市身心障礙者社區式日間照顧中心,2018/06/20,2018/07/01
地圖裡的巷弄風景,(中華民國)林思駿;(中華民國)黃立佩;(中華民國)徐至宏 ;(中華民國)羅傑耀,2018/07/03,2018/09/23
歷史新樂碼History Cinema,(中華民國)新竹市鐵道藝術村,2018/07/09,2018/07/13
舊城廚房小旅行,(中華民國)李元璋,2018/07/22,2018/07/28
桃園市立圖書館大園分館6月主題書展：甜蜜的滋味-我愛烘培,(中華民國)桃園市立圖書館大園分館,2018/06/01,2018/06/30
桃園市立圖書館三和分館6月主題書展：日日都是好食節,(中華民國)桃園市立圖書館三和分館,2018/06/01,2018/06/30
失落的對話－派翠西亞．伊斯塔柯(Patricia Perez Eustaquio)個展,(菲律賓)派翠西亞．伊斯塔柯(Patricia Perez Eustaquio),2018/06/02,2018/07/14
桃園市立圖書館草漯分館6月主題館藏書展：植物╳盆組,(中華民國)桃園市立圖書館草漯分館,2018/06/01,2018/06/30
桃園市立圖書館新坡分館6月主題館藏書展：植物╳組盆,(中華民國)桃園市立圖書館新坡分館,2018/06/01,2018/06/30
｜臺南市原住民文物館｜西拉雅布彩祭(Siraya colorful cloth festival)展覽,(中華民國)臺南市政府文化局,2018/05/12,2018/08/26
左腦×右腦：許自貴的混世哲學 Creating through Chaos: Art of Hsu Tzu-kuey,(中華民國)許自貴,2018/06/30,2018/09/30
墨飛繪舞--陳意媗聯展,(中華民國)陳意媗,2018/07/02,2018/07/31
曹公分館107年6月主題書展︰美國職籃系列,(中華民國)高雄市立圖書館鳳山曹公分館,2018/06/01,2018/06/30
閱讀得來速-情緒紓壓書展,(中華民國)大墩兒童館,2018/06/01,2018/06/30
第17屆依索寓言兒童繪畫比賽畫展,(中華民國)依索寓言美術,2018/06/01,2018/06/28
新芳春行特展 茶行主人生活光景,(中華民國)臺北市政府文化局,2018/06/10,2018/12/31
2018第5屆X-site計畫《OO》：擬人化的想像夢境飄遊,(中華民國)大林工作室,2018/06/02,2018/07/29
｜三寮灣東隆文化中心｜「話符」符咒圖文設計展,(中華民國)臺南市北門區三寮灣東隆宮,2018/06/16,2018/06/30
筆記＃11調音調色黃楷馨創作個展,,2018/06/06,2018/06/29
Boundary邊界—李明學個展,,2018/06/15,2018/08/12
【 進行式 】黃敏俊 2018 髮續行為藝術展,(中華民國)黃敏俊,2018/06/08,2018/07/01
高雄市鳥蟲體書法協會第三屆會員聯展,(中華民國)高雄市鳥蟲體書法協會第三屆會員,2018/07/06,2018/07/17
高雄市筆禪書法學會會員聯展,(中華民國)高雄市筆禪書法學會會員,2018/07/20,2018/07/31
2018臺南市傑出藝術家巡迴展—書畫．對話－畫家賴美華VS書法家黃宗義,(中華民國)賴美華VS黃宗義,2018/08/03,2018/08/14
悠遊水墨─吳淑瑛個展,(中華民國)吳淑瑛,2018/08/17,2018/08/28
「打開畫匣子－美術在高雄」霓采道上－蔡淑道手作展,(中華民國)蔡淑道,2018/07/04,2018/07/15
老街溪小旅行 (辦理12場次),(中華民國)桃園市社會教育協進會,2018/05/12,2018/10/27
2017好書大家讀年度最佳少年兒童讀物展,(中華民國)桃園市立圖書館新屋分館,2018/06/01,2018/06/30
「塵世情緣」畫展,(中華民國)江慧如,2018/06/27,2018/08/05
【新北市立圖書館坪林分館】107年06月「甜點控必吃下午茶」主題書展,(中華民國)新北市立圖書館坪林分館,2018/06/01,2018/06/30
劉鳴岐書畫九十回顧展,(中華民國)劉鳴岐,2018/06/02,2018/06/29
2018國際翰墨丹青書畫聯合大展,(中華民國)花蓮縣美術協會,2018/06/02,2018/06/29
【新北市立圖書館樹林彭厝圖書閱覽室】107年6月職場大透視主題書展,(中華民國)新北市立圖書館樹林彭厝圖書閱覽室,2018/06/01,2018/06/30
【新北市立圖書館樹林保安圖書閱覽室】107年6月職場大透視主題書展,(中華民國)新北市立圖書館樹林保安圖書閱覽室,2018/06/01,2018/06/30
【新北市立圖書館樹林大安圖書閱覽室】107年6月職場大透視主題書展,(中華民國)新北市立圖書館樹林大安圖書閱覽室,2018/06/01,2018/06/30
【新北市立圖書館樹林三多圖書閱覽室】107年6月職場大透視主題書展,(中華民國)新北市立圖書館樹林三多圖書閱覽室,2018/06/01,2018/06/30
【新北市立圖書館樹林分館】107年6月職場大透視主題書展,(中華民國)新北市立圖書館樹林分館,2018/06/01,2018/06/30
嘉義縣創意畫會會員聯展,(中華民國)嘉義縣創意畫會,2018/06/12,2018/07/08
客藝有go讚,(中華民國)鄭淑琴;(中華民國)林嘉鈴,2018/06/15,2018/07/21
攝影展：在地朴子—傳產匠師隱於市,(中華民國)嘉義縣朴子市公所,2018/06/01,2018/06/30
漫畫特展─漫畫小尖兵─（館藏特色系列）,(中華民國)陳聰,2018/07/01,2018/08/31
花蓮有靠山影像展,(中華民國)中華文化總會,2018/06/11,2018/07/01
三戲靈儀創作聯展,(中華民國)李俊陽;(中華民國)黃文淵;(中華民國)吳其錚,2018/06/16,2018/07/29
【新北市立圖書館石碇分館】107年6月份書展,(中華民國)新北市立圖書館石碇分館,2018/06/01,2018/06/30
竹東文創藝術村-C1-853泰雅農市集：2018年6月,(中華民國)853泰雅農市集,2018/06/01,2018/06/30
竹東文創藝術村-C1-853泰雅農市集：2018年7月,(中華民國)853泰雅農市集,2018/07/01,2018/07/31
竹東文創藝術村-C1-853泰雅農市集：2018年8月,(中華民國)853泰雅農市集,2018/08/01,2018/08/30
竹東文創藝術村-C1-853泰雅農市集：2018年9月,(中華民國)853泰雅農市集,2018/09/01,2018/09/30
竹東文創藝術村-C1-853泰雅農市集：2018年10月,(中華民國)853泰雅農市集,2018/10/01,2018/10/31
竹東文創藝術村-C1-853泰雅農市集：2018年11月,(中華民國)853泰雅農市集,2018/11/01,2018/11/30
竹東文創藝術村-C1-853泰雅農市集：2018年12月,(中華民國)853泰雅農市集,2018/12/01,2018/12/31
施美燕書畫展（雲林縣警察局）,(中華民國)施美燕,2018/06/04,2018/06/28
鳩翁黃茂己紀念展暨黃義仁書法特展,(中華民國)黃茂己、黃義仁,2018/06/07,2018/06/28
竹東文創藝術村-E1-一起灶：2018年6月,(中華民國)徐春景;(中華民國)鄧淑裕;(中華民國)黃瑞仁,2018/06/01,2018/06/30
竹東文創藝術村-E1-一起灶：2018年7月,(中華民國)徐春景;(中華民國)鄧淑裕;(中華民國)黃瑞仁,2018/07/01,2018/07/31
竹東文創藝術村-E1-一起灶：2018年8月,(中華民國)徐春景;(中華民國)鄧淑裕;(中華民國)黃瑞仁,2018/08/01,2018/08/31
竹東文創藝術村-E1-一起灶：2018年9月,(中華民國)徐春景;(中華民國)鄧淑裕;(中華民國)黃瑞仁,2018/09/01,2018/09/30
竹東文創藝術村-E1-一起灶：2018年10月,(中華民國)徐春景;(中華民國)鄧淑裕;(中華民國)黃瑞仁,2018/10/01,2018/10/31
竹東文創藝術村-E1-一起灶：2018年11月,(中華民國)徐春景;(中華民國)鄧淑裕;(中華民國)黃瑞仁,2018/11/01,2018/11/30
竹東文創藝術村-E1-一起灶：2018年12月,(中華民國)徐春景;(中華民國)鄧淑裕;(中華民國)黃瑞仁,2018/12/01,2018/12/31
2018台北兒童藝術節：能源詩集,(西班牙)鏗鏗鏘鏘工作室,2018/06/30,2018/07/15
2018台北兒童藝術節：能源詩集,(西班牙)鏗鏗鏘鏘工作室,2018/07/17,2018/08/05
2018台北兒童藝術節：空空狂想曲展覽,(中華民國)元素集合,2018/07/17,2018/08/05
看見臺灣郵票特展,郵政博物館,2018/06/08,2018/09/02
侏羅紀 X 恐龍樂園,,2018/06/30,2018/09/02
《心汐山水》汐止人文風情影像展x陳識元攝影展,,2018/06/08,2018/07/08
南風，藝境：亞太當代藝術展,,2018/07/03,2019/06/27
OurAnniversary,,2018/06/02,2018/07/01
田野與海洋之歌－胡開山、范村信同窗聯展,,2018/06/01,2018/06/27
光陰‧劇場－黃伯驥光影五十載攝影回顧展,(中華民國)黃伯驥,2018/05/16,2018/09/01
書展─文青世代,(中華民國)高雄市立圖書館中崙分館,2018/08/01,2018/08/31
主題書展：廚房裡的美味科學：把菜煮好吃關鍵在科學,(中華民國)高雄市立圖書館岡山文化中心分館,2018/07/10,2018/07/17
主題書展： 老；中；新—空間思維,(中華民國)高雄市立圖書館岡山文化中心分館,2018/07/17,2018/07/24
「打開畫匣子－美術在高雄」閒雲幽情－黃美雲書畫展,(中華民國)黃美雲,2018/07/18,2018/07/29
新屋區農會稻米故事館常設展,(中華民國)桃園市新屋區農會,2018/01/01,2018/12/31
《靜靜的飄泊》越南文學書展,(中華民國)高雄市立圖書館總館,2018/05/29,2018/08/26
澎湖常民文物－文物與生活美學會員聯展,(中華民國)本活動無實體展演者,2018/06/02,2018/08/29
回首來嵵路‧萌隘一世紀：五德、隘門兩校百年回顧展,(中華民國)本活動無實體展演者,2018/06/20,2018/11/30
北辰國小書法班成果班,(中華民國)北辰國小書法班,2018/06/28,2018/07/08
雲林縣攝影學會會員聯展（斗六市三好國際酒店）,(中華民國)雲林縣攝影學會,2018/06/15,2018/07/14
打開笨港時空膠囊－老照片老記憶,(中華民國)雲林縣政府,2018/06/01,2018/06/30
台日藝陣文化交流展－藝閣與山車,(不分國籍)日本弘前市、雲林北港藝閣,2018/06/01,2018/06/30
成人主題書展：社會教育與世界文化的探索,(中華民國)高雄市立圖書館寶珠分館,2018/06/01,2018/08/31
[公告]2018高雄漾藝術博覽會 開始徵件,,2018/09/28,2018/09/30
「矽裡乾坤：水晶與琉璃」特展 即日起登場,國立自然科學博物館,2018/05/16,2018/12/16
看見臺灣郵票特展,,2018/06/08,2018/09/03
花新飾界-臻藝設計X花苼好飾聯展,,2018/06/02,2018/07/13
雲林詔安客家文化展,(中華民國)詔安客家文化館,2018/01/01,2018/12/31
謝森山手繪電影看板展,(中華民國)謝森山,2018/06/21,2018/07/11
【新北市立圖書館總館】7月主題書展：勵志人生,(中華民國)總館,2018/07/01,2018/07/31
【新北市立圖書館泰山分館】『FUN 粽一夏』慶端午主題書展,(中華民國)新北市立圖書館泰山分館,2018/06/01,2018/06/30
主題書展－「生命的觸動」,(中華民國)雲林縣政府文化處,2018/06/01,2018/06/30
森－游嘉萍金工創作個展,(中華民國)游嘉萍,2018/04/01,2018/06/30
夏宴之饕系列活動【展覽】「阮ㄟ庄頭後溝仔－在地好滋味」 ,(中華民國)雲林縣大埤鄉豐田社區發展協會,2018/05/19,2018/07/29
「森之襞」—志鎌猛台灣首個展,,2018/06/09,2018/07/09
「只是路過」LadyAdelita英國風景攝影展,,2018/07/04,2018/08/30
｜新光三越臺南小西門｜歡唱99俱樂部,(中華民國)新光三越臺南新天地,2018/05/16,2018/07/01
107年銀色藝世代~藝術輕鬆賞6月藝文巡迴場次表,國立新竹生活美學館,2018/06/04,2018/10/31
2018 NANA 台日藝術家聯展,(日本)佐藤公聰;(中華民國)李明倫,2018/06/14,2018/07/07
十一份未來地圖,(中華民國)1125文創驛站,2018/07/14,2018/07/30
【新北市立圖書館泰山貴子分館】107年6月「聖經故事與各國神話」主題書展,(中華民國)新北市立圖書館泰山貴子分館,2018/06/01,2018/06/30
【新北市立圖書館泰山親子圖書閱覽室】107年6月「粽香慶端午」主題書展,(中華民國)新北市立圖書館泰山親子圖書閱覽室,2018/06/01,2018/06/30
六月主題書展：「天天都有好煮意」,(中華民國)高雄市立圖書館橋頭分館,2018/06/01,2018/06/30
【新北市立圖書館中和分館】6月「帶你一窺神秘黃金國度-泰國」主題書展 ,(中華民國)新北市立圖書館中和分館,2018/06/01,2018/06/30
【新北市立圖書館中和分館】7月「帶你一窺神秘黃金國度-泰國」主題書展 ,(中華民國)新北市立圖書館中和分館,2018/07/01,2018/07/31
【新北市立圖書館永和保生分館】6月「龍划富貴慶端午」主題書展 ,(中華民國)新北市立圖書館永和保生分館,2018/06/01,2018/06/30
【新北市立圖書館中和分館】6月「龍划富貴慶端午」主題書展 ,(中華民國)新北市立圖書館中和分館,2018/06/01,2018/06/30
【新北市立圖書館中和大同圖書閱覽室】6月「龍划富貴慶端午」主題書展 ,(中華民國)新北市立圖書館中和大同圖書閱覽室,2018/06/01,2018/06/30
桃園市立圖書館觀音分館6月主題館藏書展：植物╳組盆,(中華民國)桃園市立圖書館觀音分館,2018/06/01,2018/06/30
【戲劇之美】主題書展,(中華民國)高雄市立圖書館高雄市文化中心分館,2018/06/01,2018/06/30
【就是要環島】主題書展,(中華民國)高雄市立圖書館高雄市文化中心分館,2018/06/01,2018/06/30
黃鳳春老師油畫創作個展,(中華民國)黃鳳春,2018/04/01,2018/06/30
植物入畫-蔡秀嫩創作展,(中華民國)蔡秀嫩,2018/06/15,2018/07/02
二十，隨藝…│自強國中藝才美術班聯展,(中華民國)自強國中藝才美術班,2018/06/15,2018/07/16
▦ 經典交疊 x 版畫聯展 ▦ - 藝術傳承石版畫,(中華民國)趙無極;(中華民國)劉其偉;(中華民國)張義雄;(中華民國)陳其寬;(中華民國)李石樵;(中華民國)朱德群;(中華民國)張萬傳;(中華民國)陳進,2018/05/16,2018/07/22
竹東文創藝術村-F-月桂樹：2018年6月,(中華民國)蔡旭榮,2018/06/01,2018/06/30
竹東文創藝術村-F-月桂樹：2018年7月,(中華民國)蔡旭榮,2018/07/01,2018/07/31
竹東文創藝術村-F-月桂樹：2018年8月,(中華民國)蔡旭榮,2018/08/01,2018/08/31
竹東文創藝術村-F-月桂樹：2018年9月,(中華民國)蔡旭榮,2018/09/01,2018/09/30
竹東文創藝術村-F-月桂樹：2018年10月,(中華民國)蔡旭榮,2018/10/01,2018/10/31
竹東文創藝術村-F-月桂樹：2018年11月,(中華民國)蔡旭榮,2018/11/01,2018/11/30
竹東文創藝術村-F-月桂樹：2018年12月,(中華民國)蔡旭榮,2018/12/01,2018/12/31
竹東文創藝術村-D1-舊事生活：2018年6月,(中華民國)九讚頭文化協會,2018/06/01,2018/06/30
竹東文創藝術村-D1-舊事生活：2018年7月,(中華民國)九讚頭文化協會,2018/07/01,2018/07/31
竹東文創藝術村-D1-舊事生活：2018年8月,(中華民國)九讚頭文化協會,2018/08/01,2018/08/31
竹東文創藝術村-D1-舊事生活：2018年9月,(中華民國)九讚頭文化協會,2018/09/01,2018/09/30
竹東文創藝術村-D1-舊事生活：2018年10月,(中華民國)九讚頭文化協會,2018/10/01,2018/10/31
竹東文創藝術村-D1-舊事生活：2018年12月,(中華民國)九讚頭文化協會,2018/12/01,2018/12/31
王雲五先生的壯遊人生：王雲五先生誕辰130周年紀念展,王雲五基金會,2018/06/01,2018/07/30
2018海洋科技博物館龍舟節,,2018/06/01,2018/07/01
魅力台車戀戀烏來攝影徵件活動,,2018/06/01,2018/07/01
【憶兒時】-梁培龍水墨個展,,2018/06/25,2018/07/28
KT_LovE綠意盎然能源展,,2018/06/30,2018/09/02
城藝十足-山城藝術文化協會會員聯展,國立臺灣工藝研究發展中心 苗栗工藝產業研發分館,2018/06/08,2018/08/26
向「麥可·法拉第」致敬 自然科普主題書展,(中華民國)高雄市立圖書館彌陀公園分館,2018/08/01,2018/08/31
美濃分館八月新書展,(中華民國)高雄市立圖書館美濃分館,2018/08/01,2018/08/31
「打開畫匣子－美術在高雄」墨色‧風韻‧魅力─吳信能行草書法個展,(中華民國)吳信能,2018/08/01,2018/08/12
關鍵：2017新進典藏 The Essential： New Acquisitions,(中華民國)劉啟祥,2018/07/28,2018/10/21
看見臺灣郵票特展,(中華民國)郵政博物館,2018/06/08,2018/09/02
《渙散／夾層獨白》于艾君、張光琪雙個展,(中華民國)于艾君;(中華民國)張光琪,2018/06/09,2018/08/18
「森之襞」—志鎌猛台灣首個展,(日本)志鎌猛,2018/06/09,2018/07/08
天文藝萃、人文珍藝術,(中華民國)天文宮管委會,2018/08/10,2018/08/21
荷詩對話－吳景騰追荷攝影展,(中華民國)吳景騰,2018/07/27,2018/08/07
【憶兒時】 梁培龍水墨個展,(中華民國)梁培龍,2018/06/25,2018/07/27
【新北市立圖書館新莊中港分館】107年07月主題書展─健康養生不偷懶,(中華民國)新北市立圖書館新莊中港分館,2018/07/01,2018/07/31
【新北市立圖書館新莊裕民分館】107年07月主題書展─與花共舞,(中華民國)新北市立圖書館新莊裕民分館,2018/07/01,2018/07/31
【新北市立圖書館新莊分館】107年07月主題書展─兒童繪本花園,(中華民國)新北市立圖書館新莊分館,2018/07/01,2018/07/31
【新北市立圖書館新莊西盛分館】107年07月主題書展─台灣旅遊趣,(中華民國)新北市立圖書館新莊西盛分館,2018/07/01,2018/07/31
【新北市立圖書館新莊聯合分館】107年07月主題書展─電腦程式一點通,(中華民國)新北市立圖書館新莊聯合分館,2018/07/01,2018/07/31
【新北市立圖書館新莊福營分館】107年07月主題書展─花花草草輕鬆栽,(中華民國)新北市立圖書館新莊福營分館,2018/07/01,2018/07/31
科技松.Techathon.－.故宮.╳.交大新媒體藝術展,(中華民國)國立故宮博物院;(中華民國)國立交通大學,2018/06/12,2018/07/31
【新北市立圖書館板橋四維分館】107年7月「親子間的關鍵對話」主題書展,(中華民國)新北市立圖書館板橋四維分館,2018/07/01,2018/07/31
【新北市立圖書館板橋國光圖書閱覽室】107年7月「品嚐好咖啡」主題書展,(中華民國)新北市立圖書館板橋國光圖書閱覽室,2018/07/01,2018/07/31
【新北市立圖書館板橋分館】107年7月「出國就愛這樣玩」主題書展,(中華民國)新北市立圖書館板橋分館,2018/07/01,2018/07/31
【新北市立圖書館板橋分館】107年7月「性別平等」主題書展,(中華民國)新北市立圖書館板橋分館,2018/07/01,2018/07/31
工藝多媒材產品研發概念展─文具的異想空間,(中華民國)國立公共資訊圖書館中興分館,2018/06/01,2018/07/29
熱門書展（107年6月份）,(中華民國)國立公共資訊圖書館中興分館,2018/06/01,2018/06/30
新進童書展（107年6月份）,(中華民國)國立公共資訊圖書館中興分館,2018/06/01,2018/06/30
107年花蓮縣行動書車系列活動,(中華民國)秀林鄉立圖書館,2018/06/28,2018/06/28
107年花蓮縣行動書車系列活動,(中華民國)秀林鄉立圖書館,2018/06/27,2018/06/27
黃正雄老師師生聯展,(中華民國)黃正雄老師及師生,2018/06/13,2018/07/08
Luma原味藝樹特展,(中華民國)李欣,2018/06/07,2018/08/31
【新北市立圖書館總館】8月主題書展：瞬間永恆,(中華民國)新北市立圖書館總館,2018/08/01,2018/08/31
陳瀅守、 陳相丞、洪凱祥、黃俊凱、林信宏「模糊集」,(中華民國)陳瀅守;(中華民國)陳相丞;(中華民國)洪凱祥;(中華民國)黃俊凱;(中華民國)林信宏,2018/06/19,2018/06/28
「花新飾界」臻藝設計×花苼好飾聯展,(中華民國)李奕臻;(中華民國)郭育潔,2018/06/03,2018/07/13
綺心繪意-謝慧綺油畫創作展,(中華民國)謝慧綺,2018/06/22,2018/07/10
LOCALHERO閃到你,,2018/06/29,2018/08/20
ArtFormosa2018福爾摩沙國際藝術博覽會,,2018/07/13,2018/07/16
靈山一會-塵三│周宸│劉信義三人水墨聯展,,2018/07/07,2018/08/09
邱進雄《十年‧跫音》創作個展,,2018/07/21,2018/08/03
中華民國第十八屆國際版畫雙年展,,2018/06/23,2018/09/02
起始．永遠—日本清里攝影美術館典藏精選展,,2018/06/23,2018/09/16
「生命中的風景」 美學藝術主題書展,(中華民國)高雄市立圖書館彌陀公園分館,2018/09/01,2018/09/30
「健康心主張」  樂活養生主題書展,(中華民國)高雄市立圖書館彌陀公園分館,2018/10/02,2018/10/31
美濃分館九月新書展,(中華民國)黃欽香,2018/09/01,2018/09/30
美濃分館十月新書展,(中華民國)黃欽香,2018/10/02,2018/10/31
「打開畫匣子－美術在高雄」洪震輝水墨創作展,(中華民國)洪震輝,2018/08/15,2018/08/26
展覽《107春季藝研班成果展》,(中華民國)107春季藝研班,2018/06/16,2018/07/12
展覽《蔣智南「光之信仰」水彩創作個展》,(中國)蔣智南,2018/06/23,2018/07/12
Fantasy Leo 小成果‧大創意－創意繪畫展,(中華民國)黎歐創意美學中心,2018/06/02,2018/08/31
求職書展,(中華民國)高雄市立圖書館前鎮分館,2018/06/01,2018/06/30
桃園市立圖書館大溪分館主題書展：咖啡學－在生活裡飄香,(中華民國)桃園市立圖書館大溪分館,2018/05/01,2018/06/30
桃園市立圖書館崎頂分館主題書展：咖啡學－在生活裡飄香,(中華民國)桃園市立圖書館崎頂分館,2018/05/01,2018/06/30
錯視維度,(中華民國)沈岳霖;(中華民國)吳寬瀛;(中華民國)林國慶,2018/04/01,2018/12/31
「文學．翻面－捕捉美景的方式不只一種」主題展,(中華民國)南投縣政府文化局,2018/06/02,2018/08/26
「幸福之旅」主題書展,(中華民國)南投縣政府文化局圖書館,2018/07/03,2018/08/31
新瓦屋【新竹縣農會】 2018年6月+綠寶石與南法風情的浪漫下午茶,(中華民國)新竹縣農會,2018/06/01,2018/06/30
新瓦屋【綠禾塘。翔頂咖啡】2018年6月+親子愛意凍DIY 同樂會,(中華民國)呂秋月,2018/06/01,2018/06/30
新瓦屋【13好市集】2018年6月 +當果醬遇到優格,(中華民國)13好市集,2018/06/01,2018/06/30
新瓦屋【匯客市】展覽：2018年6月,(中華民國)匯客市藝文設計,2018/06/01,2018/06/30
《見圖思情—順益台灣原住民博物館典藏繪畫之美》系列特展 2018揭開臺灣美術史櫥窗,(中華民國)順益臺灣原住民博物館,2018/06/09,2018/09/09
新瓦屋【思微藏物生活空間】2018年6月,(中華民國)思微藏物,2018/06/01,2018/06/30
新瓦屋【Mr. One Cajon】2018年6月 +施孝榮 X Mr.One Cajon 我在竹北唱民歌,(中華民國)Mr. One Cajon,2018/06/01,2018/06/30
107年中部四縣巿寫生比賽優勝作品巡迴展,(中華民國)國立彰化生活美學館,2018/06/06,2018/06/26
新瓦屋【竹翠堂展覽】2018年6月 ,(中華民國)黃翠文,2018/06/01,2018/06/30
劉振祥 雲門風景攝影展,(中華民國)劉振祥,2018/01/01,2018/12/31
蔣勳 雲淡風輕,(中華民國)蔣勳,2018/03/31,2018/07/01
2018 台灣松德攝影學會會員聯展,(中華民國)台灣松德攝影學會,2018/06/27,2018/07/15
年華- 六人聯展,(中華民國)徐國展;(中華民國)黃暐恬;(中華民國)王永龍;(中華民國)莊凱評;(中華民國)林園淳;(中華民國)謝家齊,2018/06/27,2018/07/15
2018 山水遊蹤- 林授昌創作個展,(中華民國)林授昌,2018/06/27,2018/07/15
情味- 巫沛穎柴燒個展,(中華民國)巫沛穎,2018/06/27,2018/07/15
順益原住民博物館常設展,(中華民國)順益臺灣原住民博物館,2018/01/01,2018/12/31
URS127「The Animal of Fruits in Dadaocheng」當動物遇到水果插畫展，帶你體驗趣味大稻埕風采,(中華民國)臺北市政府都市更新處,2018/06/14,2018/07/08
「雙町記，再遊太平町」特展,(中華民國)臺北市政府都市更新處,2018/04/14,2018/06/30
Farm Market「好農藝」常駐展,(中華民國)臺南文化創意產業園區,2018/06/11,2018/12/31
【1839CG】張譯云│浮「視」繪,,2018/07/14,2018/08/20
寫實意境╳抽象表現─畫廊四十週年特展系列（三）,,2018/07/07,2018/09/01
2018北部蝶舞嘉年華,,2018/10/13,2018/10/14
林芷帆–影像裝置創作,,2018/07/14,2018/09/03
摺學，人生 - 賴禎祥多媒材藝術創作展,苗栗工藝產業研發分館,2018/06/15,2018/08/26
講座：玩具好好玩~遊戲為什麼要認證,國立新竹生活美學館,2018/07/07,2018/07/07
「走讀臺灣情」 在地人文主題書展,(中華民國)高雄市立圖書館彌陀公園分館,2018/11/01,2018/11/30
「公民新視野」 社會觀察主題書展,(中華民國)高雄市立圖書館彌陀公園分館,2018/12/01,2018/12/30
美濃分館十一月新書展,(中華民國)黃欽香,2018/11/01,2018/11/30
美濃分館十二月新書展,(中華民國)高雄市立圖書館美濃分館,2018/12/01,2018/12/29
留白‧律動－陳三旺、黃天成攝影雙個展,(中華民國)陳三旺;(中華民國)黃天成,2018/10/05,2018/10/16
【抄．閱．古．今】鄭輝雄書法展,(中華民國)鄭輝雄,2018/07/21,2018/08/05
夏艷彩瓷彩墨--劉春梅個展,(中華民國)劉春梅,2018/07/25,2018/08/12
尋幽探勝-苗栗縣九陽雅集藝文學會會員聯展,(中華民國)苗栗縣九陽雅集藝文學會,2018/07/03,2018/07/22
苗栗縣硬頸攝影協會第28屆會員聯展,(中華民國)苗栗縣硬頸攝影協會,2018/07/03,2018/07/22
有藝思動物園 2018年朱銘美術館典藏特展,(中華民國)朱銘;(中華民國)吳權倫;(中華民國)沈耀初;(中華民國)席時斌;(中華民國)陳佑而;(中華民國)陳怡如;(中華民國)陳奕彰;(中華民國)陳凱智;(中華民國)陳福善;(中華民國)黃頤勝;(中華民國)楊英風;(中華民國)廖堉安;(中華民國)劉其偉;(中華民國)劉哲榮;(中華民國)歐豪年;(中華民國)蘇孟鴻,2018/02/16,2018/12/31
郭可遇石雕展,(中華民國)郭可遇,2018/04/17,2018/06/30
2018年朱銘新作展：人間系列－芭蕾,(中華民國)朱銘,2018/05/26,2018/12/31
部署─朱銘歐洲展覽的推進,(中華民國)朱銘,2018/05/26,2018/12/31
陳美斯書畫展,(中華民國)陳美斯,2018/06/01,2018/06/30
「愛—傳遞」壁畫創作展,(中華民國)朱銘美術館,2018/01/01,2018/06/30
木雕藝術薪傳創作營成果展,(中華民國)苗栗縣政府文化觀光局,2018/06/12,2018/06/30
「書目療法」主題書展,(中華民國)臺中市立圖書館東區分館,2018/06/01,2018/06/30
朱銘在雲門 白彩人間系列雕塑展,(中華民國)朱銘,2018/01/01,2018/12/23
賴瑋綺《玩音樂》繪畫創作個展,(中華民國)賴瑋綺,2018/06/21,2018/07/04
新藝術美學─劉同仁現代油畫個展,(中華民國)劉同仁,2018/06/23,2018/07/27
西湖全聯盟藝創聯展,(中華民國)西湖鄉內各國中小,2018/06/13,2018/07/29
武聖獎－苗栗縣硬筆字書法比賽得獎作品展,(中華民國)苗栗縣政府國際文化觀光局,2018/06/24,2018/07/30
藝術亮點：兒童的彩繪夢公園,(中華民國)東勢區農會附設農民醫院,2018/04/01,2018/06/30
藝術亮點：探～旅繪城市的印記,(中華民國)星漾商旅,2018/04/02,2018/06/30
藝術亮點：臉書‧邱亞才個展,(中華民國)豐邑機構,2018/04/21,2018/07/15
藝術亮點：2018《女人＊花》台中台北雙城跨界聯展,(中華民國)藍天飯店,2018/05/01,2018/08/31
藝術亮點：私密浩瀚,(中華民國)大雋藝術,2018/05/12,2018/07/01
藝術亮點：「藏韻生輝」—2018蕭明輝新水墨個展,(中華民國)蕭明輝,2018/06/01,2018/06/27
藝術亮點：藍寅瑋、許幼歆雙個展,(中華民國)藍寅瑋、許幼歆,2018/06/13,2018/07/02
「走讀新臺中--公車上下的臺中風景」攝影展,(中華民國)張連宏,2018/06/01,2018/07/03
森林‧小鳥油畫創作展,(中華民國)盛微庭,2018/06/01,2018/07/07
環保教育主題書展,(中華民國)高雄市立圖書館小港分館,2018/07/01,2018/07/31
《建築四書》古書特展,(中華民國)臺中市立圖書館溪西分館,2018/06/01,2018/07/22
「念念舊山線」數位典藏鐵道老照片特展,(中華民國)客家委員會客家文化發展中心,2018/05/17,2018/08/20
成人及兒童新書書展   ,(中華民國)高雄市立圖書館寶珠分館,2018/06/01,2018/06/30
道禾幼兒園水墨畢業展一童玩墨趣,(中華民國)道禾幼兒園,2018/06/14,2018/07/01
【來趣關西】「茅子埔鄉土情」畫展,(中華民國)關西鎮公所,2018/06/01,2018/06/30
活力高美-高雄市美術協會會員聯展,,2018/07/24,2018/07/24
「送禮人生」特展,,2017/12/24,2018/07/16
《時空藝術葉樹奎經緯視野作品展》,,2018/07/14,2018/08/30
從狂飆巔峰到忍淚歡呼：1930年至1945年文學書籍珍本展,,2018/07/07,2018/08/26
《來交朋友吧》Aichu、AnnChou插畫聯展,,2018/05/31,2018/09/01
「寫實眼PhotoEyes」台灣獵影學會2018攝影展,,2018/06/30,2018/07/13
漬－黑水與痕跡陳瑞鴻創作實驗計劃,,2018/06/16,2018/07/09
黃金反射町/2018國際交流計畫「社交町⇄町交社」　黃金町地區管理中心x福利社,,2018/07/07,2018/08/05
異質秩序,,2018/07/14,2018/08/13
「當性別在彼岸振翅」青少年主題書展,國立臺灣圖書館,2018/06/22,2018/06/30
「異世界入口」主題書展,國立臺灣圖書館,2018/06/22,2018/06/30
Lara Chen隨順繪創作個展—理想中的現實生活,國立臺灣圖書館,2018/08/15,2018/08/26
講座：玩具一籮筐~多元文化融合遊戲,國立新竹生活美學館,2018/08/04,2018/08/04
玄濤墨舞－玄濤書會三十周年聯展,(中華民國)玄濤書會,2018/07/18,2018/08/05
「藝新一意」--造詣書畫會聯展,(中華民國)造詣書畫會,2018/07/18,2018/08/05
2018幸福新北．藝遊樹林系列展覽~11月份主題「創意粉彩輕鬆畫~三重社區大學師生展」,(中華民國)三重社區大學,2018/11/01,2018/11/20
2018幸福新北．藝遊樹林系列展覽~12月份主題「心之藝象~彭瓊慧、吳美華、張雅佩書畫聯展」,(中華民國)三重社區大學,2018/12/01,2018/12/27
桃園市立圖書館龍岡分館主題書展：2017好書大家讀,(中華民國)桃園市立圖書館龍岡分館,2018/07/01,2018/07/31
筆墨飛舞－新竹耕雅書畫聯展,(中華民國)耕雅書畫會,2018/07/07,2018/07/29
「游墨蕙風」畫傳承─桃園市文藝作家協會聯展,(中華民國)桃園市文藝作家協會,2018/07/07,2018/07/29
2018新住民飲食文化展,(中華民國)臺中市政府民政局,2018/04/24,2018/12/31
2018年圓夢畫會會員聯展,(中華民國)高雄市圓夢美術推廣畫會,2018/06/21,2018/07/03
手感溫度-生活工藝創作聯展,(中華民國)國立臺灣工藝研究發展中心,2018/06/02,2018/07/09
「真心實事」主題影展（107年6月份）,(中華民國)欣榮紀念圖書館暨玉蘭文化會館,2018/06/01,2018/06/30
流光溢彩　文化尋根 創價藝文典藏系列展,(中華民國)台灣創價學會,2018/05/16,2018/09/01
2018遇見漆藝：專題導覽-木雕裝飾之粉線與漆線,(中華民國)中台世界博物館,2018/07/07,2018/07/22
以古為師-紀冠地書法展,(中華民國)紀冠地,2018/06/26,2018/07/29
時光刻痕~彰化縣美術家接力展第95棒姚聯榜油畫創作展,(中華民國)姚聯榜,2018/06/20,2018/07/29
柒漆會樹漆藝術展,(中華民國)柒漆會,2018/06/20,2018/07/15
R-one師生畫會聯展,(中華民國)R-one畫會,2018/06/20,2018/07/15
2018聯邦藝術巡迴展,(中華民國)2018聯邦藝術巡迴展,2018/06/27,2018/07/22
陳又禎膠彩創作展,(中華民國)陳又禎,2018/06/06,2018/07/01
【親近幸福的味道】主題書展,(中華民國)彰化縣文化局,2018/06/02,2018/07/31
同溫層「校」應──第一屆紀州庵校園刊物特展競賽,,2018/07/20,2018/08/06
彰化縣107年兒童暨青少年詩畫創作比賽得獎作品巡迴展,(中華民國)彰化縣文化局,2018/06/13,2018/06/29
彰化縣107年兒童暨青少年詩畫創作比賽得獎作品巡迴展,(中華民國)彰化縣文化局,2018/07/01,2018/07/13
彰化縣107年兒童暨青少年詩畫創作比賽得獎作品巡迴展,(中華民國)彰化縣文化局,2018/07/17,2018/07/19
356米靈米靈岸特展,(中華民國)彰化縣原住民生活館,2018/05/26,2018/08/31
守護環境系列活動—事業廢棄物的真相攝影展,(中華民國)彰化春風扶輪社,2018/07/01,2018/07/29
社會學園第40期婦女成果展,(中華民國)社會學園大學,2018/06/22,2018/07/08
彰化縣儒林書法學會會員聯展,(中華民國)彰化縣儒林書法學會,2018/06/01,2018/06/28
花獻信仰 攝影展,(中華民國)陳建周、王呈哲,2018/06/01,2018/07/15
展覽│美術課裡沒說到的大小事,樹火紀念紙文化基金會,2018/06/16,2018/09/15
【街頭生命力】劉祐銘攝影個展,,2018/07/14,2018/07/27
洪東標老師-「水彩風景」班第46期師生成果展,,2018/06/12,2018/07/01
黃慶源老師-「山水寫生入門、山水寫生」班第46期師生成果展,,2018/06/12,2018/07/01
眷村藝術家的故事主題展,(中華民國)新竹市文化局,2018/04/01,2018/07/31
老街區 新風格－博愛特區城市農園可食地景推動計畫：假日市集,(中華民國)桃園區博愛特區居民、擺攤業者及自由參加者,2018/08/01,2018/10/31
寧願燒盡.不願銹壞－許昭榮先生逝世十周年紀念特展,(中華民國)高雄市立歷史博物館,2018/05/10,2018/12/31
台灣首位駐非女外交官吳小玲個展,(中華民國)吳小玲,2018/06/10,2018/06/30
【新北市立圖書館蘆洲長安分館】107年07月 主題書展「愛上生活手作」,(中華民國)新北市立圖書館蘆洲長安分館,2018/07/01,2018/07/31
【新北市立圖書館蘆洲永平分館】107年07月　「愛上生活手作」主題書展,(中華民國)新北市立圖書館蘆洲永平分館,2018/07/01,2018/07/31
花蓮有靠山得獎影像特展,(中華民國)中華文化總會,2018/06/12,2018/07/01
遊藝思 - 青年藝術家聯展,(中華民國)現代畫廊,2018/06/16,2018/07/31
展覽│美術課裡沒說到的大小事,,2018/06/16,2018/09/16
紅林2018台北個展《 是笨蛋吧 》,紅林,2018/06/01,2018/07/10
2018X-siteOO,(中華民國)設計團隊 大林工作室,2018/06/02,2018/07/29
2018「新竹味。市集」－桃竹竹苗滋味,(中華民國)新竹市文化局,2018/07/21,2018/07/29
「在高雄的82天─82 Days in Kaohsiung」Netta Rabinovitch 駐村藝術家成果展,(以色列)Netta Rabinovitch,2018/06/14,2018/06/28
日光之下-鄭茲尹個展,(中華民國)鄭茲尹,2018/06/10,2018/07/06
閱讀青春 書香樂活︰青少年主題書展,(中華民國)高雄市立圖書館苓雅分館,2018/07/01,2018/08/31
洞房寫真-楊育睿陶作展,(中華民國)楊育睿,2018/07/15,2018/08/12
7月主題書展︰兒童藝術主題書展,(中華民國)高雄市立圖書館苓雅分館,2018/07/01,2018/07/31
【新北市立圖書館蘆洲永安圖書閱覽室】107年07月 主題書展「愛上生活手作」,(中華民國)新北市立圖書館蘆洲永安圖書閱覽室,2018/07/01,2018/07/31
【貢寮分館】7月主題書展：繪本享悅讀,(中華民國)新北市立圖書館貢寮分館,2018/07/01,2018/07/31
【貢寮分館】7月樂齡主題書展: 與健康有約,(中華民國)新北市立圖書館貢寮分館,2018/07/01,2018/07/31
107年烏來福山部落悠遊行,(中華民國)原森旅行社,2018/05/03,2018/10/30
主題書展：書目療法 ,(中華民國)臺中市立圖書館大墩兒童館,2018/06/01,2018/06/30
百年山佳鐵道輕旅,(中華民國)那米哥國際旅行社股份有限公司,2018/02/11,2018/08/31
「藏韻生輝」--蕭明輝新水墨個展,(中華民國)蕭明輝,2018/06/01,2018/06/27
花開燦爛時微笑相遇--蔡維祥水彩創作展,(中華民國)蔡維祥,2018/07/03,2018/07/27
墨韻水墨畫展,(中華民國)馬淑貞,2018/06/01,2018/06/30
「走讀新臺中—公車上下的臺中風景」攝影展,(中華民國)張連宏,2018/06/01,2018/07/03
森林‧小島油畫創作,(中華民國)盛微庭,2018/06/01,2018/07/07
鹿秀社區大學107年春季班靜態成果展,(中華民國)鹿秀社區大學,2018/06/06,2018/07/08
交陪-半缸泡九怪 書法聯展,(中華民國)磺溪九怪,2018/06/13,2018/07/22
員林樂活社會大學-雅藝畫社師生聯展,(中華民國)員林樂活社會大學,2018/06/20,2018/07/08
轉動騎跡-張真輔插畫個展,(中華民國)張真輔,2018/06/21,2018/08/05
常青學苑學生成果展（彰化市韓碧樓餐廳）,(中華民國)常青學苑,2018/05/01,2018/06/30
卡娜赫拉的愜意小鎮特展-高雄站,,2018/06/22,2018/09/02
傾聽書與畫的世界,,2018/07/04,2018/07/30
「大海洋，小化石」系列講座,國立臺灣博物館,2018/07/15,2018/12/16
動植物昆蟲生態書展,(中華民國)高雄市立圖書館前鎮分館,2018/06/01,2018/06/30
節氣市集,(中華民國)在地小農、文創職人和獨立創作者,2018/11/01,2018/11/18
美術課裡沒說到的大小事,(中華民國)王鼎曄;(中華民國)王磑,2018/06/16,2018/09/15
【新北市立圖書館新店分館】藝文展:吳德福粉彩畫個展,(中華民國)吳得福,2018/07/12,2018/07/30
【新北市立圖書館新店分館】書展：豔陽下的異想世界,(中華民國)新北市立圖書館新店分館,2018/07/01,2018/07/31
傾聽  書與畫的世界,(中華民國)孟焦畫坊,2018/07/04,2018/07/29
2018 清境一夏-風起飛羊：裝置藝術展,(中華民國)行政院國軍退除役官兵輔導委員會清境農場,2018/06/30,2018/08/30
2018 清境一夏-風起飛羊：形色藝鏡 攝影聯展,(中華民國)行政院國軍退除役官兵輔導委員會清境農場,2018/04/24,2018/08/28
【新北市立圖書館平溪分館】107年7月主題書展「人生這回事：傳記故事」,(中華民國)新北市立圖書館平溪分館,2018/07/01,2018/07/31
詩與畫的對話─藝文愛好詩畫展,(中華民國)陳秀枝;(中華民國)蔡榮勇;(中華民國)陳明克,2018/06/12,2018/07/14
【新北市立圖書館平溪分館】107年8月主題書展「閱讀的窗：兒童讀本」,(中華民國)新北市立圖書館平溪分館,2018/08/01,2018/08/31
「織 .女 武玉玲Ⅹ林介文聯展」 女性生命美學ing,(中華民國)武玉玲;(中華民國)林介文,2018/06/08,2018/09/16
2018台南應用科技大學美術系教授展,,2018/08/16,2018/08/22
中華民國第34屆版印年畫徵選活動,,2018/08/01,2018/09/10
桃園市立圖書館龍潭分館主題書展：幸福的九個房間,(中華民國)桃園市立圖書館龍潭分館,2018/06/01,2018/06/30
春分的巨人—潘家欣個展,(中華民國)潘家欣,2018/07/09,2018/09/22
彩遙‧簡志嘉繪畫個展,(中華民國)簡志嘉,2018/06/21,2018/07/08
靈山一會-塵 三│周 宸│劉信義 三人水墨聯展,(中華民國)塵三;(中華民國)周宸;(中華民國)劉信義,2018/07/07,2018/08/08
My Wonderlands - 我的奇幻俗世樂園 | 翁銘邦 個展,(中華民國)翁銘邦,2018/07/10,2018/07/25
｜聽說｜細聲公裝置展,(美國)Nigel Brown;(中華民國)張惠笙,2018/06/24,2018/06/26
「生命教育專區」主題書展,(中華民國)南投縣政府文化局圖書館,2018/07/01,2018/08/31
「生命教育專區」主題書展,(中華民國)南投縣埔里鎮立圖書館,2018/07/01,2018/08/31
「生命教育專區」主題書展,(中華民國)南投縣仁愛鄉立圖書館,2018/07/01,2018/08/31
「生命教育專區」主題書展,(中華民國)南投縣中寮鄉立圖書館,2018/07/01,2018/08/31
「新住民多元專區」主題書展,(中華民國)南投縣國姓鄉立圖書館,2018/07/01,2018/08/31
「窯鄉EXPO」東山區龍眼窯產業特展（東山窯鄉展售會）,(中華民國)林睿騏,2018/06/16,2018/08/05
107年度集集鎮「休閒產業體驗暨社區文化深度之旅」（4梯次）,(中華民國)集集鎮公所,2018/07/14,2018/08/25
2018年黃芳謙水漾畫情師生畫展,(中華民國)黃芳謙師生,2018/06/04,2018/07/30
織珠的巧手編織窩–葉姍珮個展,(中華民國)葉姍珮,2018/06/01,2018/07/30
｜力子空間｜「杯子理想室」特展,(中華民國)TOAST Living;(中華民國)TZULAï;(中華民國)大好吉日 HAO life;(中華民國)只是 ZISHI;(中華民國)好玻 Good Glas;(中華民國)易佑安;(中華民國)源源鋼藝,2018/04/04,2018/07/02
吳宜璇Wihsuan油畫個展3,(中華民國)吳宜璇,2018/06/21,2018/07/08
水彩双週記─2018周運順水彩繪畫展,(中華民國)周運順,2018/06/21,2018/07/08
原來‧我還可以這樣--林秀銘創作個展,(中華民國)林秀銘,2018/06/21,2018/07/08
「捕光繪影」湯嘉明水彩畫個展,(中華民國)湯嘉明,2018/06/06,2018/06/26
「藝想天開」2018達觀畫會聯展,(中華民國)達觀畫會,2018/06/29,2018/07/22
無盡蔓延—陸真儀個展,(中華民國)陸真儀,2018/06/30,2018/07/24
畫中有話,(中華民國)郭天中,2018/06/30,2018/07/24
尋找 山響—熊妤創作個展,(中華民國)熊妤,2018/07/21,2018/08/12
「記憶海洋」水彩油畫創作聯展,(中華民國)羅宇成;(中華民國)薛宏瑋;(中華民國)許宥閒,2018/07/25,2018/08/19
臺灣膠彩畫協會第三十六屆膠彩畫展,(中華民國)臺灣膠彩畫協會,2018/07/27,2018/08/19
蘭亭序,(中華民國)黃得誠,2018/07/27,2018/08/19
當下膠彩,(中華民國)江采蘋;(中華民國)黃心怡;(中華民國)黃宇丞;(中華民國)徐薏婷;(中華民國)賴冠宇;(中華民國)廖珮瑜;(中華民國)蘇怡雯,2018/08/15,2018/09/05
藝享佳境,(中華民國)新北市新莊書畫會,2018/08/22,2018/09/24
高雄水彩畫會第28屆會員聯展,(中華民國)高雄水彩畫會,2018/08/03,2018/08/14
2018台南應用科技大學美術系教授展,(中華民國)臺南應用科技大學美術系教授,2018/08/16,2018/08/22
看高雄－高雄市高青攝影學會會員聯展,(中華民國)高雄市高青攝影學會會員,2018/08/24,2018/09/04
【新北市立圖書館萬里分館】7月主題書展-寶寶一起來閱讀,(中華民國)新北市立圖書館萬里分館,2018/07/01,2018/07/15
【新北市立圖書館萬里分館】暑期兒童歡樂學習營主題書展-Super Kid 好口才～溝通表達我最行,(中華民國)新北市立圖書館萬里分館,2018/07/01,2018/07/15
【新北市立圖書館金山分館】7月主題書展-做自已的主人,(中華民國)新北市立圖書館金山分館,2018/07/01,2018/07/15
【新北市立圖書館石門分館】7月武俠小說主題書展-決戰武林,(中華民國)新北市立圖書館石門分館,2018/07/01,2018/07/15
【新北市立圖書館三芝分館】7月主題書展-海島遊記,(中華民國)新北市立圖書館三芝分館,2018/07/01,2018/07/15
【新北市立圖書館三芝分館】暑期兒童歡樂學習營主題書展-Super Kid 好口才～溝通表達我最行,(中華民國)新北市立圖書館三芝分館,2018/07/01,2018/07/15
蔣勳．美學．創作教育：1983大度山聯展,(中華民國)蔣勳,2018/03/03,2018/09/23
臺灣吉林「日月潭．淨月潭－同源同流」美術名家聯展,(中國)中國藝術家協會,2018/07/07,2018/08/01
藍畫布-劉志恆個人攝影展,(中華民國)劉志恆,2018/06/02,2018/07/03
藝趣相投-張如玲師生聯展,(中華民國)張如玲師生,2018/07/07,2018/07/31
文創PLUS臺南創意中心6月份在地文創舞臺：初一吃塑,(中華民國)心栽小器,2018/06/01,2018/06/30
書展 ：打造一個愛的小窩,(中華民國)臺中市立圖書館葫蘆墩分館,2018/06/01,2018/06/30
情緒療癒漂書列車展,(中華民國)臺中市立圖書館葫蘆墩分館,2018/06/01,2018/06/30
"""電影""書展 ",(中華民國)臺中市立圖書館葫蘆墩分館,2018/06/01,2018/06/30
2018『On a Tablet of Stone創世紀： Creating Myths 』,(愛爾蘭)Daniel C. Moore (DCM);(紐西蘭)David Brosnahan,2018/06/15,2018/07/05
"嬉戲-林盼妮陶藝創作個展PAIDIA-LIN,PAN-NI’sSOLOEXHIBITION",,2018/07/04,2018/07/15
指藝傳承 - 簡維成人形雕塑藝術師生展,(中華民國)簡維成,2018/06/16,2018/07/05
黃鈴詠-膠彩創作展,金車文藝中心,2018/07/07,2018/08/26
吳瓊薇-水墨創作展,金車文藝中心,2018/07/07,2018/08/26
「在定義中叛逃」陳建榮個展,,2018/06/23,2018/07/22
「換個姿態再跳一次」,,2018/06/16,2019/01/01
王玫玲-複合媒材創作展,金車文藝中心承德館（台北市大同區承德路三段131號4樓）,2018/07/14,2018/09/02
「一○七年苗栗美展」雙年展初審結果出爐囉！,,2018/06/12,2018/10/31
苗栗縣硬頸攝影協會第28屆會員聯展,,2018/07/03,2018/07/22
成形印記-徐嘉霠個展,心動藝術空間,2018/06/30,2018/08/05
ThailandOnly-地球共和國陶創展,,2018/07/14,2018/08/03
台灣粉彩畫協會2018會員聯展-萬芳藝術空間,(中華民國)台灣粉彩畫協會,2018/09/28,2018/12/24
「怪怪陶博館歷險記」-「妖」你一起看繪本,(中華民國)鶯歌陶瓷博物館,2018/07/06,2018/08/29
【新北市立圖書館萬里分館】7月主題書展-原味生活,(中華民國)新北市立圖書館萬里分館,2018/07/16,2018/07/31
【新北市立圖書館萬里分館】暑期兒童歡樂學習營主題書展-繪本萬花筒～創意小書DIY,(中華民國)新北市立圖書館萬里分館,2018/07/16,2018/07/31
【新北市立圖書館金山分館】7月主題書展-祖孫的悅讀時光,(中華民國)新北市立圖書館金山分館,2018/07/16,2018/07/31
【新北市立圖書館金山分館】勇闖博物館~文化知識大體驗主題書展,(中華民國)新北市立圖書館金山分館,2018/07/16,2018/07/31
陳瑞瑚―刀彩豐情油畫展 ,(中華民國)陳瑞瑚,2018/07/04,2018/07/15
「粉墨登場」林孟麗個展,(中華民國)林孟麗,2018/07/04,2018/07/15
竹風攝影俱樂部會員影展,(中華民國)竹風攝影俱樂部,2018/07/18,2018/07/29
「84乙亥」－張喬涵、陳俞儒書畫雙個展,(中華民國)張喬涵;(中華民國)陳俞儒,2018/07/18,2018/07/29
【新北市立圖書館石門分館】7月主題書展-新手攝影向前行,(中華民國)新北市立圖書館石門分館,2018/07/16,2018/07/31
數位童樂會 一起同樂．一起娛樂,(中華民國)書劍傳奇,2018/07/01,2018/09/02
【新北市立圖書館三芝分館】7月主題書展-海洋世界,(中華民國)新北市立圖書館三芝分館,2018/07/16,2018/07/31
【新北市立圖書館三芝分館】暑期兒童歡樂學習營主題書展-酷炫光電啪嗞啪嗞,(中華民國)新北市立圖書館三芝分館,2018/07/16,2018/07/31
夏日心五行－志工工藝聯展,(中華民國)國立臺灣工藝研究發展中心,2018/06/15,2018/07/15
「有書如玉—公益文創特展」,(中華民國)國立歷史博物館,2018/06/29,2018/08/05
Multiple × Multiple 金工創作展,(中華民國)國立臺灣工藝研究發展中心,2018/07/20,2018/09/09
造物實驗–琺瑯創作展演,(中華民國)王意婷,2018/08/11,2018/09/24
【新北市立圖書館深坑分館】 107年8月主題書展-「植物圖鑑大觀園」,(中華民國)新北市立圖書館深坑分館,2018/08/01,2018/08/31
【新北市立圖書館瑞芳分館】107年7月主題書展-「兒童美語繪本」,(中華民國)新北市立圖書館瑞芳分館,2018/07/01,2018/07/31
【新北市立圖書館雙溪分館】7月主題書展大自然的奧秘,(中華民國)新北市立圖書館雙溪分館,2018/07/01,2018/07/31
【蘆洲集賢分館藝文中心】107年7月19日至8月9日：「水墨之間聯展」,(中華民國)新北市立圖書館蘆洲集賢分館藝文中心,2018/07/19,2018/08/09
黃鈴詠-膠彩創作展,(中華民國)黃鈴詠,2018/07/07,2018/08/26
吳瓊薇-水墨創作展,(中華民國)吳瓊薇,2018/07/07,2018/08/26
意識轉移─魏子喻個展,(中華民國)魏子喻,2018/06/21,2018/07/21
【Summer】 雙個展 -2018苗北側廊展系列10,(中華民國)謝宛彤;(中華民國)翁麗津（媮）,2018/07/10,2018/07/29
【苗北表演藝術海報展-106年音樂類,(中華民國)苗北藝文中心,2018/07/18,2018/08/08
翰墨寄情－柯耀東八六書畫回顧展,(中華民國)柯耀東,2018/07/07,2018/07/25
看見最美的景色－陳民芳西畫個展,(中華民國)陳民芳,2018/07/07,2018/07/25
行旅－簡維宏膠彩畫個,(中華民國)簡維宏,2018/07/07,2018/07/25
2018中華書畫藝術研究會聯展,(中華民國)中華書畫藝術研究會,2018/07/07,2018/07/18
臺中市文藝作家協會第三屆會員聯展－文藝傳承‧創新,(中華民國)臺中市文藝作家協會,2018/07/14,2018/07/25
與佛敘畫－溫麗慈佛畫藝術個展,(中華民國)溫麗慈,2018/07/14,2018/07/25
金石永壽－臺中市篆刻學會會員聯展,(中華民國)臺中市篆刻學會,2018/07/14,2018/08/01
嫣語‧語嫣－謝春玉創作展,(中華民國)謝春玉,2018/07/14,2018/08/01
查某人ê二二八─劉振祥攝影展,(中華民國)劉振祥,2018/06/23,2018/07/21
 【吃吃】劉欣怡 2018 個人創作展覽,,2018/07/07,2018/08/05
「趣玩紅樓─美感工坊」 天然石黃銅手鍊 ,,2018/08/11,2018/08/11
「趣玩紅樓─美感工坊」彩繪束口袋-用顏色表達無限的想像! ,,2018/08/12,2018/08/12
「趣玩紅樓─美感工坊」 手作簡約小零錢包 ,,2018/08/25,2018/08/25
夢囈-國立臺東女子高級中學第十七屆美術班畢業美展,,2018/06/23,2018/07/18
主題書展：心情溫度計,(中華民國)高雄市立圖書館草衙分館,2018/06/01,2018/06/30
終身保固—家電羅曼史,(中華民國)臺北數位藝術中心,2018/06/16,2018/08/04
工藝都心-2018南投國際工藝節系列活動：南投工藝特展,(中華民國)南投縣政府文化局,2018/07/07,2018/08/01
2018美術課2.0雙年展,(中華民國)巫宇庭、鄭禮勳、張祐禎、許書魁、黃俊傑、林威儒、陳怡庭、洪瑞翔、王夏滿、楊子霆、蔡晉怡、盧冠宏、王俊凱、王俊翔、李如意,2018/06/07,2018/06/29
「進行式」Bird&Fish Art Studio兒童塗鴉壁畫展,(中華民國)Bird&Fish Art Studio,2018/07/26,2018/08/16
銀髮族の春天書畫聯展,(中華民國)公、教或國營單位退休人員,2018/07/03,2018/07/29
土，逗 大專院校設計展,(中華民國)徐語偵;(中華民國)郤鈺瑄;(中華民國)謝宛蓁;(中華民國)林菩映;(中華民國)李亭儀;(中華民國)謝久瑄;(中華民國)黃雯琪;(中華民國)江奕萱;(中華民國)陳育睿;(中華民國)章毅,2018/06/14,2018/07/08
「原知原味」主題書展,(中華民國)苗栗縣立圖書館,2018/05/26,2018/06/30
「好書大家讀」主題書展--2017年度最佳少年兒童讀物得獎書展,(中華民國)苗栗縣立圖書館,2018/07/01,2018/08/31
《寫真萬像》攝影主題書展,(中華民國)埔鹽鄉立圖書館,2018/06/03,2018/06/30
6月主題書展《世界海洋日：海洋教育》,(中華民國)埔鹽鄉立圖書館,2018/06/01,2018/06/30
｜加力畫廊｜秘境 Scret land​,(中華民國)姚瑞中;(中華民國)郭英聲;(中華民國)周珠旺;(中華民國)黃建樺;(義大利)莎賓娜‧費洛奇;(中華民國)陳伯義;(中華民國)莊普;(中華民國)黃舜廷;(中華民國)陳聖頌;(中華民國)黃志超;(日本)山本淳平;(中華民國)片瀨和宏;(中華民國)鐮田翔平,2018/05/11,2018/12/11
｜海馬迴光畫館｜「噪景」 蕭聖健個展,(中華民國)蕭聖健,2018/06/03,2018/07/01
仲夏之夢~U畫會2018會員聯展,,2018/06/27,2018/07/11
大溪街角館活動：蘭室－「百年慶陶藝展」,(中華民國)古明彬;(中華民國)盧福順;(中華民國)陳瑞成;(中華民國)林聰明,2018/07/15,2018/08/15
高雄市公教人員油畫協會．高雄市政府員工油畫社創作展,(中華民國)高雄市公教人員油畫協會會員;(中華民國)高雄市政府員工油畫社社員,2018/07/06,2018/07/17
"〈父親的造船廠、我的船 Father’s Shipyard, My Ship〉張致中駐村藝術計畫成果展",(中華民國)張致中,2018/06/23,2018/07/04
見地— 不能替代的替代空間Sights/ Sites: Unreplaceable Alternative Space,(中華民國)顏珮珊;(中華民國)游蓁榆,2018/06/23,2018/07/15
衣─S.Garden 邵淑萍服裝創作展,(中華民國)邵淑萍,2018/06/23,2018/07/15
｜青青土氣｜Elaine K. Ng - The Map is not the Territory,(美國)Elaine K. Ng,2018/06/01,2018/07/01
｜絕對空間｜「伯元，Bo-Yuan」八娜娜個展,(中華民國)八娜娜,2018/06/02,2018/07/08
臺中縣葫蘆墩美術研究會會員暨大安溪全國寫生活動成果聯展,(中華民國)蘆墩美術研究會,2018/06/09,2018/07/08
臺中縣牛馬頭畫會「牛馬頭40年風華」2018會員美展,(中華民國)臺中縣牛馬頭畫會,2018/06/23,2018/07/15
【新北市立圖書館 汐止文化中心陳列館】百年風華水返腳照片展,(中華民國)新北市立圖書館汐止文化中心陳列館,2018/06/30,2018/09/30
時光的足跡-清水眷村文物展,(中華民國)臺中清水眷村文化園區,2018/06/03,2018/06/30
風兒吹啊吹--東海大學再利用藝術課程裝置藝術展,(中華民國)臺中清水眷村文化園區,2018/06/02,2018/06/27
三寮灣東隆文化中心常設展,(中華民國)臺南市北門區三寮灣東隆宮,2018/01/01,2018/12/31
｜吼唷藝術展演空間｜「黑白棋 / 台南吼唷版」黃立慧個展,(中華民國)黃立慧,2018/06/14,2018/07/08
｜小川石藝廊｜小川石藏物．2018年端硯特展,(中華民國)小川石藝廊,2018/06/05,2018/06/30
｜索卡藝術中心｜「泥水双生」第11屆索卡好樣青年藝術家聯展,(中華民國)方信普;(中華民國)宋文心;(中華民國)陶綱;(中華民國)蔡鎮澤;(中華民國)游金;(中華民國)龔寶稜,2018/06/02,2018/07/08
7月主題書『金庸』,(中華民國)高雄市立圖書館右昌分館,2018/07/01,2018/07/31
我的奇幻俗世樂園－翁銘邦個展,,2018/07/10,2018/07/26
島嶼群相──臺灣考古展覽,,2018/06/27,2019/06/27
肖像漫畫交流暨展覽系列活動,,2018/07/14,2018/07/29
兒童主題書展：「2018高雄瘋藝夏」~兒童藝術月,(中華民國)高雄市立圖書館寶珠分館,2018/07/01,2018/08/31
感動的瞬間~美國奧運明星海報展   ,(中華民國)美國在台協會,2018/07/01,2018/12/30
6月份新書書展 ,(中華民國)高雄市立圖書館左新分館,2018/06/15,2018/07/15
【 吃吃 】劉欣怡 2018 個人創作展覽,(中華民國)劉欣怡,2018/07/07,2018/08/05
台開築空間│黃敏哲個展 同行,(中華民國)黃敏哲,2018/06/29,2018/07/22
王玫玲-複合媒材創作展,(中華民國)王玫玲,2018/07/14,2018/09/02
成人及兒童新書書展   ,(中華民國)高雄市立圖書館寶珠分館,2018/07/01,2018/07/31
6月開卷好書展,(中華民國)高雄市立圖書館楠仔坑分館,2018/06/15,2018/07/15
美濃感動狗手繪作品展,(中華民國)尤秀蓉,2018/06/30,2018/07/26
特色館藏主題書展『漫畫大英百科』,(中華民國)高雄市立圖書館右昌分館,2018/07/01,2018/07/31
翰逸神飛--當代書法名家暨臺中市書法學會會員聯展 ,(中華民國)臺中市書法學會,2018/07/06,2018/08/05
賴明杭攝影作品展 ,(中華民國)賴明杭,2018/07/21,2018/08/12
漸型~3D列印Ⅹ生活Ⅹ藝術展系列活動 ,(中華民國)臺中市立屯區藝文中心,2018/05/25,2018/08/25
朝中畫會聯展 ,(中華民國)朝中畫會,2018/07/13,2018/08/12
筆墨刀三重奏－蕭明松篆刻 書畫個展,(中華民國)蕭明松,2018/07/06,2018/07/26
樂利國小第12屆2018捷運藝術節－藝文創作展,(中華民國)新北市土城區樂利國小,2018/07/05,2018/07/26
主題書展─生活理財,(中華民國)高雄市立圖書館翠屏分館,2018/07/01,2018/07/31
好書享閱季,(中華民國)陸府生活美學教育基金會,2018/06/25,2018/09/30
｜活石藝術空間｜「愛的延伸」張慧貞國畫個展,(中華民國)張慧貞,2018/06/20,2018/07/04
成定瑜-油畫創作展 ,成定瑜,2018/07/07,2018/08/26
2018「大溪大禧－關公生」系列活動-壹號館、武德殿夜間開館展(6天),(中華民國)桃園市立大溪木藝生態博物館,2018/07/14,2018/07/29
望境-1916文創工坊工藝師聯展-麗裔服裝工藝藝術傳承教室/耕恬手作工坊,(中華民國)莊慧如;(中華民國)陳美玲,2018/06/02,2018/06/29
熱門書展（107年7月份）,(中華民國)國立公共資訊圖書館中興分館,2018/07/01,2018/07/31
新進童書展（107年7月份）,(中華民國)國立公共資訊圖書館中興分館,2018/07/01,2018/07/31
藝聚屏東─藝術家寫生展 ,(中華民國)陳國展等,2018/06/23,2018/07/15
觀臨無礙系列 -林千發瘦金書體運用展,(中華民國)林千發,2018/06/23,2018/07/15
心遊藝創－白素琴、謝貴文、胡懷瑜三人聯展,,2018/06/30,2018/07/25
【竹韻奏鳴曲】 BAMBOO竹藝研究會會員聯展,BAMBOO 竹藝研究會,2018/07/04,2018/09/02
2018【來say菜市場】展覽闖關活動,國立臺灣博物館,2018/07/01,2018/07/08
肖像漫畫交流暨展覽,(中華民國)方彩綾,2018/07/14,2018/07/29
「仲夏之夢」U畫會2018會員聯展,(中華民國)U畫會,2018/06/27,2018/07/11
豐原漆藝館106年研習班成果作品聯展-崔克英師生展,(中華民國)崔克英師生,2018/05/05,2018/07/01
社團成果展,(中華民國)稅處同仁,2018/06/01,2018/08/31
國畫展,(中華民國)唐菁,2018/09/01,2018/10/31
國畫展,(中華民國)潘戌耕,2018/11/01,2018/12/31
俐落筆 蘊含美- 袁惠俐老師及顧蘊文老師作品聯展,(中華民國)袁惠俐;(中華民國)顧蘊文,2018/04/03,2018/06/28
「藝.江山」黃明勝書法精選作品巡迴展,(中華民國)黃明勝,2018/07/03,2018/09/27
【新北市立圖書館石碇分館】107年7月份書展,(中華民國)新北市立圖書館石碇分館,2018/07/01,2018/07/31
【新北市立圖書館土城分館】「逗陣來去遊台灣，逗陣來去食台灣」主題書展,(中華民國)新北市立圖書館土城分館,2018/07/01,2018/07/31
【新北市立圖書館土城清水圖書閱覽室】「逗陣來去遊台灣，逗陣來去食台灣」主題書展,(中華民國)新北市立圖書館土城清水圖書閱覽室,2018/07/01,2018/07/31
【新北市立圖書館土城柑林埤圖書閱覽室】「逗陣來去遊台灣，逗陣來去食台灣」主題書展,(中華民國)新北市立圖書館土城柑林埤圖書閱覽室,2018/07/01,2018/07/31
【新北市立圖書館板橋忠孝分館】「逗陣來去遊台灣，逗陣來去食台灣」主題書展,(中華民國)新北市立圖書館板橋忠孝分館,2018/07/01,2018/07/31
【新北市立圖書館板橋浮洲圖書閱覽室】「逗陣來去遊台灣，逗陣來去食台灣」主題書展,(中華民國)新北市立圖書館板橋浮洲圖書閱覽室,2018/07/01,2018/07/31
【新北市立圖書館板橋浮洲圖書閱覽室】「2017年度好書大家讀最佳少年兒童讀物」得獎圖書聯展,(中華民國)新北市立圖書館板橋浮洲圖書閱覽室,2018/07/01,2018/07/31
【新北市立圖書館板橋忠孝分館】「2017年度好書大家讀最佳少年兒童讀物」得獎圖書聯展,(中華民國)新北市立圖書館板橋忠孝分館,2018/07/01,2018/07/31
【新北市立圖書館土城柑林埤圖書閱覽室】「2017年度好書大家讀最佳少年兒童讀物」得獎圖書聯展,(中華民國)新北市立圖書館土城柑林埤圖書閱覽室,2018/07/01,2018/07/31
【新北市立圖書館土城清水圖書閱覽室】「2017年度好書大家讀最佳少年兒童讀物」得獎圖書聯展,(中華民國)新北市立圖書館土城清水圖書閱覽室,2018/07/01,2018/07/31
【新北市立圖書館土城分館】「2017年度好書大家讀最佳少年兒童讀物」得獎圖書聯展,(中華民國)新北市立圖書館土城分館,2018/07/01,2018/07/31
「藝想台灣．鄉土情韻」林智信創作個展,(中華民國)林智信,2018/06/15,2018/07/29
「2018高雄瘋藝下-藝起轉動」-美術班教育成果展,(中華民國)高雄市政府教育局,2018/06/26,2018/07/30
【新北市立圖書館坪林分館】107年07月「日韓旅遊看過來」主題書展,(中華民國)新北市立圖書館坪林分館,2018/07/01,2018/07/31
2018臺灣設計展–木漆藝特展,(中華民國)臺中市政府客家事務委員會,2018/08/15,2018/09/16
｜新心藝術｜「共生．共存」許瓊文個展,(中華民國)許瓊文,2018/05/19,2018/06/30
中華民國第十八屆國際版畫雙年展 ,(中華民國)國立臺灣美術館,2018/06/23,2018/09/02
｜東門美術館｜常態展,(中華民國)東門美術館,2018/06/02,2018/06/26
